{"level":"INFO","event":"request_completed","requestId":"d6be09e6-8301-4187-80ec-e8c72a8140c2","method":"GET","path":"/api","statusCode":200,"responseTimeMs":1,"timestamp":"2026-08-26T10:59:58.573Z"}
{"level":"INFO","event":"request_completed","requestId":"6093b20c-554a-48e8-aa78-d9b4a876f98f","method":"POST","path":"/api/users/register","statusCode":201,"responseTimeMs":623,"timestamp":"2026-08-28T11:47:47.322Z"}
{"level":"INFO","event":"request_completed","requestId":"853fd2fb-8786-4c5f-ad55-6f2dfa56062a","method":"POST","path":"/api/auth/login","statusCode":201,"responseTimeMs":6,"timestamp":"2026-08-28T11:47:49.174Z"}
{"level":"WARN","event":"request_completed","requestId":"2b431925-886c-4d4c-a7c6-cf17722b203f","method":"GET","path":"/api/users","statusCode":401,"responseTimeMs":6,"timestamp":"2026-08-28T11:48:00.474Z"}
{"level":"WARN","event":"request_completed","requestId":"a82a6ebc-a772-45f5-983d-e9229789119a","method":"POST","path":"/api/auth/login","statusCode":400,"responseTimeMs":3,"timestamp":"2026-08-28T11:48:08.882Z"}
{"level":"WARN","event":"request_completed","requestId":"df2e6624-3ff9-4097-b35f-53b8bcd204cf","method":"GET","path":"/api/users","statusCode":401,"responseTimeMs":1,"timestamp":"2026-08-28T11:48:08.925Z"}
{"level":"INFO","event":"request_completed","requestId":"2bb5bf38-f06e-487b-9578-67beae46e334","method":"POST","path":"/api/auth/login","statusCode":201,"responseTimeMs":3,"timestamp":"2026-08-28T11:48:16.734Z"}
{"level":"INFO","event":"request_completed","requestId":"57a1dbbb-fae3-4e88-bcab-2b724c8630ec","method":"GET","path":"/api/users","statusCode":200,"responseTimeMs":3,"timestamp":"2026-08-28T11:48:16.745Z"}
{"level":"INFO","event":"request_completed","requestId":"94c62f02-92b0-4730-b4ba-fa43c3f84bd4","method":"DELETE","path":"/api/users/13","statusCode":200,"responseTimeMs":6,"timestamp":"2026-08-28T11:48:16.764Z"}
{"level":"INFO","event":"request_completed","requestId":"90466815-bbfd-4511-aa0f-af21be7f69c5","method":"OPTIONS","path":"/api/auth/login","statusCode":204,"responseTimeMs":2,"timestamp":"2026-08-28T11:50:15.849Z"}
{"level":"INFO","event":"request_completed","requestId":"61acba10-c266-45de-b7b2-387e74a27b4a","method":"POST","path":"/api/auth/login","statusCode":201,"responseTimeMs":4,"timestamp":"2026-08-28T11:50:15.854Z"}
{"level":"INFO","event":"request_completed","requestId":"bba960d7-cbc7-4b1f-9705-7763e09ee4a3","method":"OPTIONS","path":"/api/applications","statusCode":204,"responseTimeMs":0,"timestamp":"2026-08-28T11:50:15.933Z"}
{"level":"WARN","event":"request_completed","requestId":"ed554c45-918e-4d06-8bf7-95c8f9da463b","method":"GET","path":"/api/applications","statusCode":403,"responseTimeMs":6,"timestamp":"2026-08-28T11:50:15.941Z"}
{"level":"INFO","event":"request_completed","requestId":"ab0cfd3b-8ae1-4b03-b07c-a46d0ad9b831","method":"POST","path":"/api/auth/login","statusCode":201,"responseTimeMs":557,"timestamp":"2026-08-28T12:56:46.232Z"}
{"level":"INFO","event":"request_completed","requestId":"78933f2a-ae35-453a-8d07-356eae917baf","method":"OPTIONS","path":"/api/auth/login","statusCode":204,"responseTimeMs":9,"timestamp":"2026-08-28T12:56:45.672Z"}
{"level":"INFO","event":"request_completed","requestId":"0ac403e3-4726-4921-9a3a-e37872990c9b","method":"OPTIONS","path":"/api/applications","statusCode":204,"responseTimeMs":1,"timestamp":"2026-08-28T12:56:46.300Z"}
{"level":"INFO","event":"request_completed","requestId":"c5aedad5-931d-4595-ad0f-a7ab73b1fba1","method":"GET","path":"/api/applications","statusCode":200,"responseTimeMs":5,"timestamp":"2026-08-28T12:56:46.307Z"}
{"level":"INFO","event":"request_completed","requestId":"68e4cc25-1dfe-48fd-9cf0-25e799a1e94b","method":"OPTIONS","path":"/api/licenses","statusCode":204,"responseTimeMs":1,"timestamp":"2026-08-28T12:56:46.312Z"}
{"level":"INFO","event":"request_completed","requestId":"05620d6a-2fee-40fd-8aee-e06df2a1123c","method":"GET","path":"/api/licenses","statusCode":200,"responseTimeMs":5,"timestamp":"2026-08-28T12:56:46.318Z"}
{"level":"INFO","event":"request_completed","requestId":"ae40ce0c-bfdb-4083-94d0-8fb9f9a98dbb","method":"OPTIONS","path":"/api/inspections","statusCode":204,"responseTimeMs":1,"timestamp":"2026-08-28T12:56:46.323Z"}
{"level":"WARN","event":"request_completed","requestId":"392c99b2-f1a5-45a8-9fe4-85e73376b877","method":"GET","path":"/api/inspections","statusCode":403,"responseTimeMs":4,"timestamp":"2026-08-28T12:56:46.329Z"}
{"level":"INFO","event":"request_completed","requestId":"1584b90c-4804-47dd-8419-80253dbe3d06","method":"OPTIONS","path":"/api/users","statusCode":204,"responseTimeMs":1,"timestamp":"2026-08-28T12:56:46.334Z"}
{"level":"WARN","event":"request_completed","requestId":"877e5eb3-cbc9-4b98-bc8b-ea9177b811b5","method":"GET","path":"/api/users","statusCode":403,"responseTimeMs":2,"timestamp":"2026-08-28T12:56:46.339Z"}
{"level":"INFO","event":"request_completed","requestId":"93975a1f-111f-4895-8827-5c6cd932e913","method":"OPTIONS","path":"/api/audit-logs","statusCode":204,"responseTimeMs":1,"timestamp":"2026-08-28T12:56:46.470Z"}
{"level":"INFO","event":"request_completed","requestId":"e4393265-7969-4e0d-ad9d-ef30a327d8a5","method":"OPTIONS","path":"/api/applications","statusCode":204,"responseTimeMs":0,"timestamp":"2026-08-28T12:56:46.472Z"}
{"level":"INFO","event":"request_completed","requestId":"14dc20da-c0e1-4144-a146-d55609116a96","method":"GET","path":"/api/audit-logs","statusCode":200,"responseTimeMs":2,"timestamp":"2026-08-28T12:56:46.475Z"}
{"level":"INFO","event":"request_completed","requestId":"2fd6a8c7-a6f5-45c4-8112-ef34682b4ff7","method":"GET","path":"/api/applications","statusCode":304,"responseTimeMs":3,"timestamp":"2026-08-28T12:56:46.478Z"}
{"level":"INFO","event":"request_completed","requestId":"48874727-16c7-4256-a82b-856dd04e78b8","method":"OPTIONS","path":"/api/audit-logs","statusCode":204,"responseTimeMs":1,"timestamp":"2026-08-28T12:56:56.968Z"}
{"level":"INFO","event":"request_completed","requestId":"3df84a17-3094-4584-889b-06c1d4256045","method":"GET","path":"/api/audit-logs","statusCode":304,"responseTimeMs":1,"timestamp":"2026-08-28T12:56:56.971Z"}
{"level":"INFO","event":"request_completed","requestId":"9542e32e-7f3f-4b43-b084-e368954bf1fe","method":"OPTIONS","path":"/api/audit-logs","statusCode":204,"responseTimeMs":1,"timestamp":"2026-08-28T12:57:03.151Z"}
{"level":"INFO","event":"request_completed","requestId":"fa6587c4-d84a-4be7-bdfe-eb25278abfd3","method":"GET","path":"/api/audit-logs","statusCode":304,"responseTimeMs":2,"timestamp":"2026-08-28T12:57:03.154Z"}
{"level":"INFO","event":"request_completed","requestId":"9378d042-afe5-4d0f-852d-9af70d4a5bb7","method":"POST","path":"/api/auth/login","statusCode":201,"responseTimeMs":75,"timestamp":"2026-08-28T13:11:38.714Z"}
{"level":"INFO","event":"request_completed","requestId":"7605e056-a95d-4868-8024-4f6584f89997","method":"OPTIONS","path":"/api/auth/login","statusCode":204,"responseTimeMs":10,"timestamp":"2026-08-28T13:11:38.635Z"}
{"level":"INFO","event":"request_completed","requestId":"6ab6feb6-66d1-4fde-9687-09fc4f91d32a","method":"OPTIONS","path":"/api/applications","statusCode":204,"responseTimeMs":1,"timestamp":"2026-08-28T13:11:38.781Z"}
{"level":"INFO","event":"request_completed","requestId":"6cf50b11-6174-4d0e-bf10-c71bbadb632a","method":"GET","path":"/api/applications","statusCode":304,"responseTimeMs":5,"timestamp":"2026-08-28T13:11:38.788Z"}
{"level":"INFO","event":"request_completed","requestId":"c786f1d1-6c8d-4ad9-a146-0c7b92390477","method":"OPTIONS","path":"/api/licenses","statusCode":204,"responseTimeMs":1,"timestamp":"2026-08-28T13:11:38.793Z"}
{"level":"INFO","event":"request_completed","requestId":"5e87a38a-8638-4d31-a4b5-fed8857976d0","method":"GET","path":"/api/licenses","statusCode":304,"responseTimeMs":4,"timestamp":"2026-08-28T13:11:38.798Z"}
{"level":"INFO","event":"request_completed","requestId":"6b84d12c-326e-4a4a-9c18-5d95f81114a0","method":"OPTIONS","path":"/api/inspections","statusCode":204,"responseTimeMs":1,"timestamp":"2026-08-28T13:11:38.802Z"}
{"level":"WARN","event":"request_completed","requestId":"2231456b-8e99-43be-aa21-86d59be35d46","method":"GET","path":"/api/inspections","statusCode":403,"responseTimeMs":4,"timestamp":"2026-08-28T13:11:38.809Z"}
{"level":"INFO","event":"request_completed","requestId":"32987d4c-a827-4112-9b69-7bb534ea713e","method":"OPTIONS","path":"/api/users","statusCode":204,"responseTimeMs":1,"timestamp":"2026-08-28T13:11:38.813Z"}
{"level":"WARN","event":"request_completed","requestId":"ad5b1f53-f41e-4c94-97f2-ce85eb842ced","method":"GET","path":"/api/users","statusCode":403,"responseTimeMs":3,"timestamp":"2026-08-28T13:11:38.819Z"}
{"level":"INFO","event":"request_completed","requestId":"08bedc19-d5f2-4f2b-91d6-f89e7539d8cf","method":"OPTIONS","path":"/api/audit-logs","statusCode":204,"responseTimeMs":1,"timestamp":"2026-08-28T13:11:38.910Z"}
{"level":"INFO","event":"request_completed","requestId":"b4110ede-d42f-4f35-9202-80c51287fbfc","method":"OPTIONS","path":"/api/applications","statusCode":204,"responseTimeMs":1,"timestamp":"2026-08-28T13:11:38.913Z"}
{"level":"INFO","event":"request_completed","requestId":"efc0f94f-1241-4c3c-aec7-33ae9a9b873e","method":"GET","path":"/api/audit-logs","statusCode":200,"responseTimeMs":3,"timestamp":"2026-08-28T13:11:38.917Z"}
{"level":"INFO","event":"request_completed","requestId":"7779f7b6-0423-49cd-8bd3-f7eac03f1d7a","method":"GET","path":"/api/applications","statusCode":304,"responseTimeMs":2,"timestamp":"2026-08-28T13:11:38.920Z"}
{"level":"INFO","event":"request_completed","requestId":"e57c7672-3237-4e0a-b617-c060120482d9","method":"OPTIONS","path":"/api/audit-logs","statusCode":204,"responseTimeMs":1,"timestamp":"2026-08-28T13:12:25.430Z"}
{"level":"INFO","event":"request_completed","requestId":"43f73529-97f6-4213-b785-80ead1a05e30","method":"GET","path":"/api/audit-logs","statusCode":304,"responseTimeMs":1,"timestamp":"2026-08-28T13:12:25.432Z"}
{"level":"INFO","event":"request_completed","requestId":"bd0698b8-1d24-4421-8aec-2ad4ab2a4ad4","method":"POST","path":"/api/auth/login","statusCode":201,"responseTimeMs":466,"timestamp":"2026-08-28T13:36:36.010Z"}
{"level":"INFO","event":"request_completed","requestId":"19f335b3-dc2a-4289-bac9-996e65ddacd0","method":"OPTIONS","path":"/api/auth/login","statusCode":204,"responseTimeMs":5,"timestamp":"2026-08-28T13:36:35.541Z"}
{"level":"INFO","event":"request_completed","requestId":"c33e6fdf-9ffd-4ebf-8a56-e15d5f8fb1e9","method":"OPTIONS","path":"/api/applications","statusCode":204,"responseTimeMs":1,"timestamp":"2026-08-28T13:36:36.058Z"}
{"level":"WARN","event":"request_completed","requestId":"66e6bee4-4ba9-4cd9-86c5-f20c6a9c0fe3","method":"GET","path":"/api/applications","statusCode":403,"responseTimeMs":4,"timestamp":"2026-08-28T13:36:36.063Z"}
{"level":"INFO","event":"request_completed","requestId":"c1d116d1-fb1b-450d-9257-e11ab059b943","method":"OPTIONS","path":"/api/applications","statusCode":204,"responseTimeMs":0,"timestamp":"2026-08-28T13:36:39.010Z"}
{"level":"WARN","event":"request_completed","requestId":"3dbcf8b5-6a28-431c-a668-460a45663a4c","method":"GET","path":"/api/applications","statusCode":403,"responseTimeMs":2,"timestamp":"2026-08-28T13:36:39.013Z"}
{"level":"INFO","event":"request_completed","requestId":"6f8790b7-8fac-4654-aaba-66c7eaeea71d","method":"OPTIONS","path":"/api/applications","statusCode":204,"responseTimeMs":1,"timestamp":"2026-08-28T13:36:41.131Z"}
{"level":"WARN","event":"request_completed","requestId":"3806a156-ed88-4413-b22e-b028fb7525e8","method":"GET","path":"/api/applications","statusCode":403,"responseTimeMs":2,"timestamp":"2026-08-28T13:36:41.134Z"}
{"level":"INFO","event":"request_completed","requestId":"3191ea54-be4f-4045-a860-52e5b53e51c6","method":"OPTIONS","path":"/api/applications","statusCode":204,"responseTimeMs":1,"timestamp":"2026-08-28T13:36:42.637Z"}
{"level":"WARN","event":"request_completed","requestId":"2da9259f-0410-40de-b740-594bc67c9cfb","method":"GET","path":"/api/applications","statusCode":403,"responseTimeMs":2,"timestamp":"2026-08-28T13:36:42.640Z"}
{"level":"INFO","event":"request_completed","requestId":"44fb613b-900e-422c-9d04-60462a5e545a","method":"OPTIONS","path":"/api/applications","statusCode":204,"responseTimeMs":1,"timestamp":"2026-08-28T13:36:44.700Z"}
{"level":"WARN","event":"request_completed","requestId":"e3c713d6-af82-48d4-a934-128289ffb0dd","method":"GET","path":"/api/applications","statusCode":403,"responseTimeMs":2,"timestamp":"2026-08-28T13:36:44.702Z"}
{"level":"INFO","event":"request_completed","requestId":"1b179210-937e-4a3f-ba83-a5b3b5789b51","method":"OPTIONS","path":"/api/auth/login","statusCode":204,"responseTimeMs":0,"timestamp":"2026-08-28T13:37:03.644Z"}
{"level":"WARN","event":"request_completed","requestId":"38956a98-9b5b-484d-bc3b-134037e0ca49","method":"POST","path":"/api/auth/login","statusCode":401,"responseTimeMs":3,"timestamp":"2026-08-28T13:37:03.648Z"}
{"level":"INFO","event":"request_completed","requestId":"d1ffde25-6ad5-46df-9de1-0db78f98adb5","method":"OPTIONS","path":"/api/auth/login","statusCode":204,"responseTimeMs":0,"timestamp":"2026-08-28T13:37:12.383Z"}
{"level":"INFO","event":"request_completed","requestId":"a094a39b-3633-4411-8ba2-7e7f1469b2fb","method":"POST","path":"/api/auth/login","statusCode":201,"responseTimeMs":2,"timestamp":"2026-08-28T13:37:12.386Z"}
{"level":"INFO","event":"request_completed","requestId":"bb60559c-b0da-42ec-9bfa-22cefaaf29be","method":"OPTIONS","path":"/api/applications","statusCode":204,"responseTimeMs":0,"timestamp":"2026-08-28T13:37:12.441Z"}
{"level":"INFO","event":"request_completed","requestId":"467f5afd-2a87-46f9-9f40-8ffd2bc88639","method":"GET","path":"/api/applications","statusCode":200,"responseTimeMs":2,"timestamp":"2026-08-28T13:37:12.444Z"}
{"level":"INFO","event":"request_completed","requestId":"f46d618a-1af7-46d6-8d9b-a2fe92f78074","method":"OPTIONS","path":"/api/licenses","statusCode":204,"responseTimeMs":0,"timestamp":"2026-08-28T13:37:12.446Z"}
{"level":"INFO","event":"request_completed","requestId":"9c000ee2-c31d-429c-b169-1f4135ae6ad7","method":"GET","path":"/api/licenses","statusCode":304,"responseTimeMs":3,"timestamp":"2026-08-28T13:37:12.450Z"}
{"level":"INFO","event":"request_completed","requestId":"68ebb3d6-fc59-4972-9b1d-c79bca906295","method":"OPTIONS","path":"/api/inspections","statusCode":204,"responseTimeMs":0,"timestamp":"2026-08-28T13:37:12.453Z"}
{"level":"WARN","event":"request_completed","requestId":"369f50bd-1cb6-43c5-93dd-739afac79c26","method":"GET","path":"/api/inspections","statusCode":403,"responseTimeMs":1,"timestamp":"2026-08-28T13:37:12.455Z"}
{"level":"INFO","event":"request_completed","requestId":"0845a1e6-494a-4ccd-af34-ffc6d5b8eae1","method":"OPTIONS","path":"/api/users","statusCode":204,"responseTimeMs":0,"timestamp":"2026-08-28T13:37:12.458Z"}
{"level":"WARN","event":"request_completed","requestId":"388d8185-50ab-4cc0-a586-ab56790cbc35","method":"GET","path":"/api/users","statusCode":403,"responseTimeMs":1,"timestamp":"2026-08-28T13:37:12.460Z"}
{"level":"INFO","event":"request_completed","requestId":"c885865c-8f2b-4f21-82dc-8437bcb0c1a8","method":"OPTIONS","path":"/api/audit-logs","statusCode":204,"responseTimeMs":0,"timestamp":"2026-08-28T13:37:12.539Z"}
{"level":"INFO","event":"request_completed","requestId":"c26637d9-817b-42f6-8ba0-c15b0e77ac24","method":"OPTIONS","path":"/api/applications","statusCode":204,"responseTimeMs":1,"timestamp":"2026-08-28T13:37:12.541Z"}
{"level":"INFO","event":"request_completed","requestId":"223352f8-0143-4ca1-bbec-464ff9b76ec8","method":"GET","path":"/api/audit-logs","statusCode":200,"responseTimeMs":2,"timestamp":"2026-08-28T13:37:12.543Z"}
{"level":"INFO","event":"request_completed","requestId":"648c2f14-8671-4365-b75a-04daf16ed9ea","method":"GET","path":"/api/applications","statusCode":304,"responseTimeMs":3,"timestamp":"2026-08-28T13:37:12.546Z"}
{"level":"INFO","event":"request_completed","requestId":"d6d58e23-cafc-447e-8e07-469ae18b6dbd","method":"POST","path":"/api/auth/login","statusCode":201,"responseTimeMs":74,"timestamp":"2026-08-28T14:02:17.540Z"}
{"level":"INFO","event":"request_completed","requestId":"000a6efc-2c9c-45db-b27c-3332cf45f6a2","method":"OPTIONS","path":"/api/auth/login","statusCode":204,"responseTimeMs":10,"timestamp":"2026-08-28T14:02:17.461Z"}
{"level":"INFO","event":"request_completed","requestId":"890898f4-eee7-4fb7-a90b-0948dfe65941","method":"OPTIONS","path":"/api/applications","statusCode":204,"responseTimeMs":1,"timestamp":"2026-08-28T14:02:17.613Z"}
{"level":"WARN","event":"request_completed","requestId":"31e99e3c-3c4d-4c1c-baef-6440ff46b35d","method":"GET","path":"/api/applications","statusCode":403,"responseTimeMs":8,"timestamp":"2026-08-28T14:02:17.624Z"}
{"level":"INFO","event":"request_completed","requestId":"80d0ee1f-4309-4342-bf95-738dc4e2841b","method":"OPTIONS","path":"/api/applications","statusCode":204,"responseTimeMs":1,"timestamp":"2026-08-28T14:02:22.886Z"}
{"level":"WARN","event":"request_completed","requestId":"381b3c79-2505-44c2-bc0a-cf7bd4515870","method":"GET","path":"/api/applications","statusCode":403,"responseTimeMs":3,"timestamp":"2026-08-28T14:02:22.891Z"}
{"level":"INFO","event":"request_completed","requestId":"433d93c1-f1d3-4852-b5eb-a37fbc34b24f","method":"OPTIONS","path":"/api/applications","statusCode":204,"responseTimeMs":1,"timestamp":"2026-08-28T14:02:23.913Z"}
{"level":"WARN","event":"request_completed","requestId":"98db2172-a4fa-4b06-9e17-5f33bf4b64fd","method":"GET","path":"/api/applications","statusCode":403,"responseTimeMs":3,"timestamp":"2026-08-28T14:02:23.917Z"}
{"level":"INFO","event":"request_completed","requestId":"0982725c-200b-4790-9c99-57cb97078958","method":"OPTIONS","path":"/api/applications","statusCode":204,"responseTimeMs":1,"timestamp":"2026-08-28T14:02:25.912Z"}
{"level":"WARN","event":"request_completed","requestId":"10474105-52ae-4544-b4a8-28d9b1a4f44b","method":"GET","path":"/api/applications","statusCode":403,"responseTimeMs":3,"timestamp":"2026-08-28T14:02:25.918Z"}
{"level":"INFO","event":"request_completed","requestId":"60feebd6-0325-463a-9be3-a58b4f6100a6","method":"OPTIONS","path":"/api/applications","statusCode":204,"responseTimeMs":0,"timestamp":"2026-08-28T14:02:27.163Z"}
{"level":"WARN","event":"request_completed","requestId":"7807c7c4-0940-4ade-8a32-246588da3e91","method":"GET","path":"/api/applications","statusCode":403,"responseTimeMs":3,"timestamp":"2026-08-28T14:02:27.168Z"}
{"level":"INFO","event":"request_completed","requestId":"5dcfc64a-0b1d-4084-a71a-2ea8a774af59","method":"OPTIONS","path":"/api/applications","statusCode":204,"responseTimeMs":0,"timestamp":"2026-08-28T14:02:28.645Z"}
{"level":"WARN","event":"request_completed","requestId":"8f830142-49d0-46af-8b0a-ff04203d5c1c","method":"GET","path":"/api/applications","statusCode":403,"responseTimeMs":1,"timestamp":"2026-08-28T14:02:28.648Z"}
{"level":"INFO","event":"request_completed","requestId":"3109edbe-bc95-4cc4-b562-bcedae63df66","method":"OPTIONS","path":"/api/auth/login","statusCode":204,"responseTimeMs":1,"timestamp":"2026-08-28T14:02:47.322Z"}
{"level":"INFO","event":"request_completed","requestId":"dc48b99d-d279-47cf-8917-8e2a5cb6a09a","method":"POST","path":"/api/auth/login","statusCode":201,"responseTimeMs":4,"timestamp":"2026-08-28T14:02:47.327Z"}
{"level":"INFO","event":"request_completed","requestId":"2cbd7723-5e3e-469a-b71a-af7ecb1db00b","method":"OPTIONS","path":"/api/applications","statusCode":204,"responseTimeMs":0,"timestamp":"2026-08-28T14:02:47.403Z"}
{"level":"INFO","event":"request_completed","requestId":"e5360fea-b96d-44ae-801b-818d5f0c2291","method":"GET","path":"/api/applications","statusCode":200,"responseTimeMs":2,"timestamp":"2026-08-28T14:02:47.408Z"}
{"level":"INFO","event":"request_completed","requestId":"8e8ac481-20ec-46b6-a5c1-3b6f9eaa4bc6","method":"OPTIONS","path":"/api/licenses","statusCode":204,"responseTimeMs":1,"timestamp":"2026-08-28T14:02:47.414Z"}
{"level":"INFO","event":"request_completed","requestId":"e0da85a2-78b7-4850-ad47-2ea1e7f4df13","method":"GET","path":"/api/licenses","statusCode":304,"responseTimeMs":4,"timestamp":"2026-08-28T14:02:47.420Z"}
{"level":"INFO","event":"request_completed","requestId":"b61efbba-73c9-442b-824d-29f980f782ca","method":"OPTIONS","path":"/api/inspections","statusCode":204,"responseTimeMs":1,"timestamp":"2026-08-28T14:02:47.425Z"}
{"level":"INFO","event":"request_completed","requestId":"a47c27cb-8eb4-422b-9d69-6688123a685c","method":"GET","path":"/api/inspections","statusCode":200,"responseTimeMs":3,"timestamp":"2026-08-28T14:02:47.431Z"}
{"level":"INFO","event":"request_completed","requestId":"93699559-5753-48e3-8088-01f9920d88bb","method":"OPTIONS","path":"/api/users","statusCode":204,"responseTimeMs":1,"timestamp":"2026-08-28T14:02:47.436Z"}
{"level":"WARN","event":"request_completed","requestId":"9b8fbca4-90e8-48ca-b319-e0b96ce27e42","method":"GET","path":"/api/users","statusCode":403,"responseTimeMs":2,"timestamp":"2026-08-28T14:02:47.440Z"}
{"level":"INFO","event":"request_completed","requestId":"7a072b47-d45a-49f2-af95-774a0225804f","method":"OPTIONS","path":"/api/applications","statusCode":204,"responseTimeMs":0,"timestamp":"2026-08-28T14:02:54.606Z"}
{"level":"INFO","event":"request_completed","requestId":"3139f93f-ad16-4a39-b8b4-ba6a867275c7","method":"GET","path":"/api/applications","statusCode":304,"responseTimeMs":1,"timestamp":"2026-08-28T14:02:54.609Z"}
{"level":"INFO","event":"request_completed","requestId":"9cb7c84e-43b7-4048-ae09-a7187fbcd918","method":"OPTIONS","path":"/api/licenses","statusCode":204,"responseTimeMs":1,"timestamp":"2026-08-28T14:02:54.614Z"}
{"level":"INFO","event":"request_completed","requestId":"913c3e66-65ff-496a-b3ef-f0d6c1239806","method":"GET","path":"/api/licenses","statusCode":304,"responseTimeMs":1,"timestamp":"2026-08-28T14:02:54.617Z"}
{"level":"INFO","event":"request_completed","requestId":"288cc232-9b32-4ca7-8fa5-baa0e84fc188","method":"OPTIONS","path":"/api/inspections","statusCode":204,"responseTimeMs":1,"timestamp":"2026-08-28T14:02:54.621Z"}
{"level":"INFO","event":"request_completed","requestId":"97adda8c-d350-46e4-9149-d8a051f81ff0","method":"GET","path":"/api/inspections","statusCode":304,"responseTimeMs":1,"timestamp":"2026-08-28T14:02:54.623Z"}
{"level":"INFO","event":"request_completed","requestId":"b68239b7-5b15-464a-93d9-f37a117571b0","method":"OPTIONS","path":"/api/users","statusCode":204,"responseTimeMs":1,"timestamp":"2026-08-28T14:02:54.627Z"}
{"level":"WARN","event":"request_completed","requestId":"07129087-fd57-4902-8f0b-973c6c77c9cd","method":"GET","path":"/api/users","statusCode":403,"responseTimeMs":2,"timestamp":"2026-08-28T14:02:54.630Z"}
{"level":"INFO","event":"request_completed","requestId":"c2a13942-5612-4537-bf32-8c256980c36d","method":"OPTIONS","path":"/api/applications","statusCode":204,"responseTimeMs":1,"timestamp":"2026-08-28T14:02:55.837Z"}
{"level":"INFO","event":"request_completed","requestId":"58d77dad-946b-4690-ae0c-03ccfa716973","method":"GET","path":"/api/applications","statusCode":304,"responseTimeMs":2,"timestamp":"2026-08-28T14:02:55.841Z"}
{"level":"INFO","event":"request_completed","requestId":"1817bda6-774d-447d-8b32-b20e2521f8a0","method":"OPTIONS","path":"/api/licenses","statusCode":204,"responseTimeMs":0,"timestamp":"2026-08-28T14:02:55.845Z"}
{"level":"INFO","event":"request_completed","requestId":"9b261311-ec79-4ebe-b271-db04e45202c6","method":"GET","path":"/api/licenses","statusCode":304,"responseTimeMs":1,"timestamp":"2026-08-28T14:02:55.849Z"}
{"level":"INFO","event":"request_completed","requestId":"88276a94-227a-48e9-8793-bee19576fbe8","method":"OPTIONS","path":"/api/inspections","statusCode":204,"responseTimeMs":2,"timestamp":"2026-08-28T14:02:55.855Z"}
{"level":"INFO","event":"request_completed","requestId":"f9a4583f-3a42-41ad-9f27-f83395496882","method":"GET","path":"/api/inspections","statusCode":304,"responseTimeMs":1,"timestamp":"2026-08-28T14:02:55.858Z"}
{"level":"INFO","event":"request_completed","requestId":"3cce4c10-76b2-4db5-b3a2-eb5e8b03217d","method":"OPTIONS","path":"/api/users","statusCode":204,"responseTimeMs":1,"timestamp":"2026-08-28T14:02:55.864Z"}
{"level":"WARN","event":"request_completed","requestId":"836e7504-a80d-4e2e-a8dd-18c922097632","method":"GET","path":"/api/users","statusCode":403,"responseTimeMs":2,"timestamp":"2026-08-28T14:02:55.868Z"}
{"level":"INFO","event":"request_completed","requestId":"288bda04-c3ea-4592-9aeb-2a3a14fe663b","method":"OPTIONS","path":"/api/applications","statusCode":204,"responseTimeMs":0,"timestamp":"2026-08-28T14:02:57.423Z"}
{"level":"INFO","event":"request_completed","requestId":"9250d8e2-46e7-448f-a027-4c1064ba98e3","method":"GET","path":"/api/applications","statusCode":304,"responseTimeMs":1,"timestamp":"2026-08-28T14:02:57.426Z"}
{"level":"INFO","event":"request_completed","requestId":"e59bcdda-adee-4cff-ba9b-76a456d422fb","method":"OPTIONS","path":"/api/licenses","statusCode":204,"responseTimeMs":1,"timestamp":"2026-08-28T14:02:57.430Z"}
{"level":"INFO","event":"request_completed","requestId":"8ae8f966-ed40-4d76-ab73-d8647389ddb9","method":"GET","path":"/api/licenses","statusCode":304,"responseTimeMs":1,"timestamp":"2026-08-28T14:02:57.432Z"}
{"level":"INFO","event":"request_completed","requestId":"1292b091-2fbe-41d1-8422-6cd441106e98","method":"OPTIONS","path":"/api/inspections","statusCode":204,"responseTimeMs":0,"timestamp":"2026-08-28T14:02:57.436Z"}
{"level":"INFO","event":"request_completed","requestId":"a6ae6c5c-ec78-4043-98cc-af35fe8b0be8","method":"GET","path":"/api/inspections","statusCode":304,"responseTimeMs":1,"timestamp":"2026-08-28T14:02:57.439Z"}
{"level":"INFO","event":"request_completed","requestId":"b4ab96e2-fbfb-462d-96ca-c30afb3d8722","method":"OPTIONS","path":"/api/users","statusCode":204,"responseTimeMs":1,"timestamp":"2026-08-28T14:02:57.443Z"}
{"level":"WARN","event":"request_completed","requestId":"074cecbd-d3ce-4e09-b1ba-95bcb6ab5753","method":"GET","path":"/api/users","statusCode":403,"responseTimeMs":2,"timestamp":"2026-08-28T14:02:57.446Z"}
{"level":"INFO","event":"request_completed","requestId":"99a3a343-59b6-4f72-815c-6d61ca64ece2","method":"OPTIONS","path":"/api/applications","statusCode":204,"responseTimeMs":0,"timestamp":"2026-08-28T14:02:58.977Z"}
{"level":"INFO","event":"request_completed","requestId":"01bc937d-b119-434e-b7a5-4dae71fe4c2e","method":"GET","path":"/api/applications","statusCode":304,"responseTimeMs":2,"timestamp":"2026-08-28T14:02:58.980Z"}
{"level":"INFO","event":"request_completed","requestId":"20c0040c-2cd3-4bed-aa41-b305772fe2d4","method":"OPTIONS","path":"/api/licenses","statusCode":204,"responseTimeMs":0,"timestamp":"2026-08-28T14:02:58.983Z"}
{"level":"INFO","event":"request_completed","requestId":"fa14cc47-c1d7-4004-9307-536817186966","method":"GET","path":"/api/licenses","statusCode":304,"responseTimeMs":1,"timestamp":"2026-08-28T14:02:58.986Z"}
{"level":"INFO","event":"request_completed","requestId":"bb4b6180-55dd-4848-807f-957f112fe143","method":"OPTIONS","path":"/api/inspections","statusCode":204,"responseTimeMs":1,"timestamp":"2026-08-28T14:02:58.990Z"}
{"level":"INFO","event":"request_completed","requestId":"a218c229-4bdc-43c8-ba68-836d09c02b9f","method":"GET","path":"/api/inspections","statusCode":304,"responseTimeMs":1,"timestamp":"2026-08-28T14:02:58.993Z"}
{"level":"INFO","event":"request_completed","requestId":"99fe0701-5206-4c5f-aea3-2498a74fdcf3","method":"OPTIONS","path":"/api/users","statusCode":204,"responseTimeMs":1,"timestamp":"2026-08-28T14:02:58.997Z"}
{"level":"WARN","event":"request_completed","requestId":"6e628bae-cff7-4df1-97e5-d79df62bf444","method":"GET","path":"/api/users","statusCode":403,"responseTimeMs":1,"timestamp":"2026-08-28T14:02:58.999Z"}
{"level":"INFO","event":"request_completed","requestId":"d7f149ac-db68-4322-9f85-aacafdf37794","method":"OPTIONS","path":"/api/applications","statusCode":204,"responseTimeMs":1,"timestamp":"2026-08-28T14:03:00.611Z"}
{"level":"INFO","event":"request_completed","requestId":"feaeb1b4-0ebd-415f-ba8a-967ccd854f08","method":"GET","path":"/api/applications","statusCode":304,"responseTimeMs":2,"timestamp":"2026-08-28T14:03:00.615Z"}
{"level":"INFO","event":"request_completed","requestId":"caedd9da-ecf1-4571-a42b-44ed6812cf6f","method":"OPTIONS","path":"/api/licenses","statusCode":204,"responseTimeMs":0,"timestamp":"2026-08-28T14:03:00.619Z"}
{"level":"INFO","event":"request_completed","requestId":"5c2559ab-3843-4c17-becb-9ab0f3dbb040","method":"GET","path":"/api/licenses","statusCode":304,"responseTimeMs":1,"timestamp":"2026-08-28T14:03:00.623Z"}
{"level":"INFO","event":"request_completed","requestId":"391edca7-2439-4b27-b2b0-90d8d24376a5","method":"OPTIONS","path":"/api/inspections","statusCode":204,"responseTimeMs":0,"timestamp":"2026-08-28T14:03:00.627Z"}
{"level":"INFO","event":"request_completed","requestId":"8780972d-a327-4b42-acab-946644b42a1f","method":"GET","path":"/api/inspections","statusCode":304,"responseTimeMs":2,"timestamp":"2026-08-28T14:03:00.631Z"}
{"level":"INFO","event":"request_completed","requestId":"e2d8feda-6835-473d-9889-ba7ba145a530","method":"OPTIONS","path":"/api/users","statusCode":204,"responseTimeMs":1,"timestamp":"2026-08-28T14:03:00.635Z"}
{"level":"WARN","event":"request_completed","requestId":"76608989-3bf2-4eb1-9a81-1d8a37341db0","method":"GET","path":"/api/users","statusCode":403,"responseTimeMs":1,"timestamp":"2026-08-28T14:03:00.638Z"}
{"level":"INFO","event":"request_completed","requestId":"c0828fae-4f20-4a82-a54c-71b2931ecffa","method":"OPTIONS","path":"/api/auth/login","statusCode":204,"responseTimeMs":0,"timestamp":"2026-08-28T14:03:53.317Z"}
{"level":"WARN","event":"request_completed","requestId":"1952e9b3-ff8f-4416-b2a3-c67788d821fd","method":"POST","path":"/api/auth/login","statusCode":401,"responseTimeMs":3,"timestamp":"2026-08-28T14:03:53.322Z"}
{"level":"INFO","event":"request_completed","requestId":"2d468f7a-fb29-4922-a7a8-0104ebaac0c1","method":"OPTIONS","path":"/api/auth/login","statusCode":204,"responseTimeMs":1,"timestamp":"2026-08-28T14:04:03.828Z"}
{"level":"WARN","event":"request_completed","requestId":"c75a0c24-0c6a-424f-ba16-b82c404dcc99","method":"POST","path":"/api/auth/login","statusCode":401,"responseTimeMs":2,"timestamp":"2026-08-28T14:04:03.831Z"}
{"level":"INFO","event":"request_completed","requestId":"85268328-bdcf-4f22-b2b1-9eb10c62dfeb","method":"OPTIONS","path":"/api/auth/login","statusCode":204,"responseTimeMs":0,"timestamp":"2026-08-28T14:04:04.795Z"}
{"level":"WARN","event":"request_completed","requestId":"43dfa619-a65c-464f-b303-44374ca2e241","method":"POST","path":"/api/auth/login","statusCode":401,"responseTimeMs":2,"timestamp":"2026-08-28T14:04:04.799Z"}
{"level":"INFO","event":"request_completed","requestId":"e8e248e7-d3a9-4def-9ace-349893479bfe","method":"OPTIONS","path":"/api/auth/login","statusCode":204,"responseTimeMs":1,"timestamp":"2026-08-28T14:05:58.150Z"}
{"level":"WARN","event":"request_completed","requestId":"f3825df3-2702-44c9-a933-e446fc7b28bf","method":"POST","path":"/api/auth/login","statusCode":401,"responseTimeMs":2,"timestamp":"2026-08-28T14:05:58.153Z"}
{"level":"INFO","event":"request_completed","requestId":"07cc4ba3-eddb-4c63-a10f-2c4bd5a29d9c","method":"OPTIONS","path":"/api/auth/login","statusCode":204,"responseTimeMs":1,"timestamp":"2026-08-28T14:06:00.833Z"}
{"level":"WARN","event":"request_completed","requestId":"2e979f7f-cc9f-43b4-8e26-2b2678d97663","method":"POST","path":"/api/auth/login","statusCode":401,"responseTimeMs":3,"timestamp":"2026-08-28T14:06:00.837Z"}
{"level":"INFO","event":"request_completed","requestId":"b3bfd0ec-8209-450c-87b1-b15eb3cdeb68","method":"OPTIONS","path":"/api/auth/login","statusCode":204,"responseTimeMs":1,"timestamp":"2026-08-28T14:06:01.874Z"}
{"level":"WARN","event":"request_completed","requestId":"87a83182-4490-4838-bcad-4dd2133bc9f9","method":"POST","path":"/api/auth/login","statusCode":401,"responseTimeMs":3,"timestamp":"2026-08-28T14:06:01.878Z"}
{"level":"INFO","event":"request_completed","requestId":"e25550a7-e0e1-48bc-916b-129bf0903133","method":"OPTIONS","path":"/api/auth/login","statusCode":204,"responseTimeMs":0,"timestamp":"2026-08-28T14:06:22.524Z"}
{"level":"INFO","event":"request_completed","requestId":"26d16483-e5e5-49a0-bfcb-9c2723c3ce2b","method":"POST","path":"/api/auth/login","statusCode":201,"responseTimeMs":2,"timestamp":"2026-08-28T14:06:22.528Z"}
{"level":"INFO","event":"request_completed","requestId":"fe0ca3f7-8fc9-4459-9539-6f9f8e3bf71b","method":"OPTIONS","path":"/api/applications","statusCode":204,"responseTimeMs":0,"timestamp":"2026-08-28T14:06:22.609Z"}
{"level":"INFO","event":"request_completed","requestId":"5b933551-5e29-454d-b491-f5051cf17785","method":"GET","path":"/api/applications","statusCode":304,"responseTimeMs":1,"timestamp":"2026-08-28T14:06:22.612Z"}
{"level":"INFO","event":"request_completed","requestId":"92e042cb-0ba1-4118-8904-768649e6b1b4","method":"OPTIONS","path":"/api/licenses","statusCode":204,"responseTimeMs":0,"timestamp":"2026-08-28T14:06:22.616Z"}
{"level":"INFO","event":"request_completed","requestId":"f08ebc8a-0aa3-4938-8099-aa890cfb9e4e","method":"GET","path":"/api/licenses","statusCode":304,"responseTimeMs":1,"timestamp":"2026-08-28T14:06:22.618Z"}
{"level":"INFO","event":"request_completed","requestId":"15c354cd-1332-417a-ad5f-69604123f1d3","method":"OPTIONS","path":"/api/inspections","statusCode":204,"responseTimeMs":0,"timestamp":"2026-08-28T14:06:22.622Z"}
{"level":"WARN","event":"request_completed","requestId":"2e1a969e-07d4-460a-b06e-efb4bc54c967","method":"GET","path":"/api/inspections","statusCode":403,"responseTimeMs":1,"timestamp":"2026-08-28T14:06:22.625Z"}
{"level":"INFO","event":"request_completed","requestId":"47246206-7198-4ccc-b41c-86c7e43a3843","method":"OPTIONS","path":"/api/users","statusCode":204,"responseTimeMs":0,"timestamp":"2026-08-28T14:06:22.629Z"}
{"level":"WARN","event":"request_completed","requestId":"60ed9a1a-91e5-4a28-a401-515dac7015db","method":"GET","path":"/api/users","statusCode":403,"responseTimeMs":1,"timestamp":"2026-08-28T14:06:22.632Z"}
{"level":"INFO","event":"request_completed","requestId":"56900219-f98b-460e-af9f-d4cb85da11a1","method":"OPTIONS","path":"/api/audit-logs","statusCode":204,"responseTimeMs":1,"timestamp":"2026-08-28T14:06:22.699Z"}
{"level":"INFO","event":"request_completed","requestId":"ce58d9f5-25d5-4ce5-b611-3d9b3ea8701b","method":"OPTIONS","path":"/api/applications","statusCode":204,"responseTimeMs":0,"timestamp":"2026-08-28T14:06:22.700Z"}
{"level":"INFO","event":"request_completed","requestId":"bbe05a29-1159-4e3b-8bc5-7f9785ea1f30","method":"GET","path":"/api/audit-logs","statusCode":200,"responseTimeMs":1,"timestamp":"2026-08-28T14:06:22.702Z"}
{"level":"INFO","event":"request_completed","requestId":"44016fee-5875-4071-9a76-3d4b3dca225a","method":"GET","path":"/api/applications","statusCode":304,"responseTimeMs":1,"timestamp":"2026-08-28T14:06:22.703Z"}
{"level":"INFO","event":"request_completed","requestId":"49cdb453-bba7-400c-bdbc-6f81bb5be695","method":"OPTIONS","path":"/api/audit-logs","statusCode":204,"responseTimeMs":0,"timestamp":"2026-08-28T14:07:33.976Z"}
{"level":"INFO","event":"request_completed","requestId":"3fa9d97e-6b68-4982-8f84-cda052b1086b","method":"GET","path":"/api/audit-logs","statusCode":304,"responseTimeMs":1,"timestamp":"2026-08-28T14:07:33.979Z"}
{"level":"INFO","event":"request_completed","requestId":"e4615ff7-b68c-4c59-993d-76e34f2fcbc9","method":"POST","path":"/api/auth/login","statusCode":201,"responseTimeMs":65,"timestamp":"2026-08-28T14:18:10.929Z"}
{"level":"INFO","event":"request_completed","requestId":"a76d33a0-eb32-4765-b927-3efb398a932f","method":"OPTIONS","path":"/api/auth/login","statusCode":204,"responseTimeMs":9,"timestamp":"2026-08-28T14:18:10.860Z"}
{"level":"INFO","event":"request_completed","requestId":"fa44f8f8-7780-4a12-957f-6863510dfc71","method":"OPTIONS","path":"/api/applications","statusCode":204,"responseTimeMs":0,"timestamp":"2026-08-28T14:18:11.007Z"}
{"level":"INFO","event":"request_completed","requestId":"161a4ac4-48a5-4cb0-abe5-0eb92e90c8b0","method":"GET","path":"/api/applications","statusCode":304,"responseTimeMs":6,"timestamp":"2026-08-28T14:18:11.015Z"}
{"level":"INFO","event":"request_completed","requestId":"283871cb-d7bb-4f09-94ab-c91483584745","method":"OPTIONS","path":"/api/licenses","statusCode":204,"responseTimeMs":1,"timestamp":"2026-08-28T14:18:11.020Z"}
{"level":"INFO","event":"request_completed","requestId":"b38bd65e-cf83-4c5c-9d29-0733e414ba95","method":"GET","path":"/api/licenses","statusCode":304,"responseTimeMs":4,"timestamp":"2026-08-28T14:18:11.026Z"}
{"level":"INFO","event":"request_completed","requestId":"517855ba-8d10-46e9-b58b-352ed835d372","method":"OPTIONS","path":"/api/inspections","statusCode":204,"responseTimeMs":1,"timestamp":"2026-08-28T14:18:11.031Z"}
{"level":"INFO","event":"request_completed","requestId":"293686aa-c38d-447b-9d8f-ea08aa9254b0","method":"GET","path":"/api/inspections","statusCode":200,"responseTimeMs":2,"timestamp":"2026-08-28T14:18:11.035Z"}
{"level":"INFO","event":"request_completed","requestId":"f871094f-7cb7-4efb-b915-fa38ee2d023d","method":"OPTIONS","path":"/api/users","statusCode":204,"responseTimeMs":1,"timestamp":"2026-08-28T14:18:11.039Z"}
{"level":"INFO","event":"request_completed","requestId":"ff2edb34-19b8-4af5-b99b-23ee8acef637","method":"GET","path":"/api/users","statusCode":200,"responseTimeMs":2,"timestamp":"2026-08-28T14:18:11.043Z"}
{"level":"INFO","event":"request_completed","requestId":"4a5e01d8-64e4-4d77-87b3-6a3c2f2705b7","method":"OPTIONS","path":"/api/auth/login","statusCode":204,"responseTimeMs":1,"timestamp":"2026-08-28T14:19:01.751Z"}
{"level":"INFO","event":"request_completed","requestId":"c5156c36-58fd-4f78-9942-f98c9c68ee36","method":"POST","path":"/api/auth/login","statusCode":201,"responseTimeMs":4,"timestamp":"2026-08-28T14:19:01.756Z"}
{"level":"INFO","event":"request_completed","requestId":"4684ec1e-cd43-4bfc-abb1-afea0b76a704","method":"OPTIONS","path":"/api/applications","statusCode":204,"responseTimeMs":1,"timestamp":"2026-08-28T14:19:01.842Z"}
{"level":"INFO","event":"request_completed","requestId":"e853958d-3db5-4250-8fc5-47a1a896aea0","method":"GET","path":"/api/applications","statusCode":304,"responseTimeMs":2,"timestamp":"2026-08-28T14:19:01.846Z"}
{"level":"INFO","event":"request_completed","requestId":"cfeaef04-f8c4-48fe-a181-46370e1df761","method":"OPTIONS","path":"/api/licenses","statusCode":204,"responseTimeMs":0,"timestamp":"2026-08-28T14:19:01.851Z"}
{"level":"INFO","event":"request_completed","requestId":"894936ec-155e-46e7-9550-97f5e0f8fc3e","method":"GET","path":"/api/licenses","statusCode":304,"responseTimeMs":2,"timestamp":"2026-08-28T14:19:01.856Z"}
{"level":"INFO","event":"request_completed","requestId":"a6d16c11-42d1-4478-bfa6-625d758376f0","method":"OPTIONS","path":"/api/inspections","statusCode":204,"responseTimeMs":0,"timestamp":"2026-08-28T14:19:01.860Z"}
{"level":"INFO","event":"request_completed","requestId":"f0f9b510-237b-4246-aaae-97e69624cfae","method":"GET","path":"/api/inspections","statusCode":304,"responseTimeMs":2,"timestamp":"2026-08-28T14:19:01.864Z"}
{"level":"INFO","event":"request_completed","requestId":"d731c41c-77cf-42d6-ab2b-9396964ffa9d","method":"OPTIONS","path":"/api/users","statusCode":204,"responseTimeMs":1,"timestamp":"2026-08-28T14:19:01.870Z"}
{"level":"WARN","event":"request_completed","requestId":"78a74b64-c5d0-41e7-b382-e75efcb20c17","method":"GET","path":"/api/users","statusCode":403,"responseTimeMs":4,"timestamp":"2026-08-28T14:19:01.875Z"}
{"level":"INFO","event":"request_completed","requestId":"377b13b3-b984-4833-96ac-efb7a3fae8af","method":"OPTIONS","path":"/api/applications","statusCode":204,"responseTimeMs":1,"timestamp":"2026-08-28T14:19:04.520Z"}
{"level":"INFO","event":"request_completed","requestId":"e5464e07-2104-4f92-afce-482947700469","method":"GET","path":"/api/applications","statusCode":304,"responseTimeMs":2,"timestamp":"2026-08-28T14:19:04.525Z"}
{"level":"INFO","event":"request_completed","requestId":"9b7784ae-c5c8-46e1-9e17-2da6b8ec6890","method":"OPTIONS","path":"/api/licenses","statusCode":204,"responseTimeMs":1,"timestamp":"2026-08-28T14:19:04.531Z"}
{"level":"INFO","event":"request_completed","requestId":"c56a76a4-587e-496e-a7c3-16c0181dabd2","method":"GET","path":"/api/licenses","statusCode":304,"responseTimeMs":1,"timestamp":"2026-08-28T14:19:04.534Z"}
{"level":"INFO","event":"request_completed","requestId":"8431d028-076f-465b-ab5c-e4d9521786fb","method":"OPTIONS","path":"/api/inspections","statusCode":204,"responseTimeMs":1,"timestamp":"2026-08-28T14:19:04.540Z"}
{"level":"INFO","event":"request_completed","requestId":"f78bdfb2-30f7-46a0-ba8d-e4915b69f4f3","method":"GET","path":"/api/inspections","statusCode":304,"responseTimeMs":1,"timestamp":"2026-08-28T14:19:04.544Z"}
{"level":"INFO","event":"request_completed","requestId":"c46c8b65-5f49-4c7d-8a61-093ed669ebf1","method":"OPTIONS","path":"/api/users","statusCode":204,"responseTimeMs":0,"timestamp":"2026-08-28T14:19:04.548Z"}
{"level":"WARN","event":"request_completed","requestId":"28211ba6-3971-4f2d-b073-12c4cf08b589","method":"GET","path":"/api/users","statusCode":403,"responseTimeMs":1,"timestamp":"2026-08-28T14:19:04.552Z"}
{"level":"INFO","event":"request_completed","requestId":"237da675-c0aa-45f8-b536-f66bd370086f","method":"OPTIONS","path":"/api/applications","statusCode":204,"responseTimeMs":1,"timestamp":"2026-08-28T14:19:08.522Z"}
{"level":"INFO","event":"request_completed","requestId":"cde282ad-0111-492a-982f-51e9a88bcbe0","method":"GET","path":"/api/applications","statusCode":304,"responseTimeMs":2,"timestamp":"2026-08-28T14:19:08.525Z"}
{"level":"INFO","event":"request_completed","requestId":"c1015e53-88a3-445a-8e7d-a8ba1b4d8f1b","method":"OPTIONS","path":"/api/licenses","statusCode":204,"responseTimeMs":1,"timestamp":"2026-08-28T14:19:08.529Z"}
{"level":"INFO","event":"request_completed","requestId":"c77ce42e-d6a9-4427-ad6f-d196c5842a46","method":"GET","path":"/api/licenses","statusCode":304,"responseTimeMs":2,"timestamp":"2026-08-28T14:19:08.532Z"}
{"level":"INFO","event":"request_completed","requestId":"d8a35644-3678-4822-bbbe-ea28c411d11c","method":"OPTIONS","path":"/api/inspections","statusCode":204,"responseTimeMs":0,"timestamp":"2026-08-28T14:19:08.535Z"}
{"level":"INFO","event":"request_completed","requestId":"b4420386-5a12-46fb-8109-27d594cbb7c3","method":"GET","path":"/api/inspections","statusCode":304,"responseTimeMs":1,"timestamp":"2026-08-28T14:19:08.538Z"}
{"level":"INFO","event":"request_completed","requestId":"586bf184-dfb0-482b-8703-4b6b9e7ac8c3","method":"OPTIONS","path":"/api/users","statusCode":204,"responseTimeMs":1,"timestamp":"2026-08-28T14:19:08.542Z"}
{"level":"WARN","event":"request_completed","requestId":"98d3a881-607e-4662-bd3c-57203795c65a","method":"GET","path":"/api/users","statusCode":403,"responseTimeMs":1,"timestamp":"2026-08-28T14:19:08.545Z"}
{"level":"INFO","event":"request_completed","requestId":"7ed479ce-7ce6-4fd6-a039-811b73b6a0c2","method":"OPTIONS","path":"/api/applications","statusCode":204,"responseTimeMs":0,"timestamp":"2026-08-28T14:19:10.050Z"}
{"level":"INFO","event":"request_completed","requestId":"0db0e10d-a1e3-4391-98c7-42feeef16d26","method":"GET","path":"/api/applications","statusCode":304,"responseTimeMs":2,"timestamp":"2026-08-28T14:19:10.054Z"}
{"level":"INFO","event":"request_completed","requestId":"9f110a5a-ba3c-43d8-9c5d-b706329d4976","method":"OPTIONS","path":"/api/licenses","statusCode":204,"responseTimeMs":0,"timestamp":"2026-08-28T14:19:10.058Z"}
{"level":"INFO","event":"request_completed","requestId":"5f30f7d8-feb8-44e0-80e4-179a89604c5f","method":"GET","path":"/api/licenses","statusCode":304,"responseTimeMs":1,"timestamp":"2026-08-28T14:19:10.061Z"}
{"level":"INFO","event":"request_completed","requestId":"476b8ccc-d7cc-4589-bb6f-ea1a60d526a7","method":"OPTIONS","path":"/api/inspections","statusCode":204,"responseTimeMs":1,"timestamp":"2026-08-28T14:19:10.065Z"}
{"level":"INFO","event":"request_completed","requestId":"0254977c-0aaf-43f8-b685-64643a51ccfe","method":"GET","path":"/api/inspections","statusCode":304,"responseTimeMs":1,"timestamp":"2026-08-28T14:19:10.067Z"}
{"level":"INFO","event":"request_completed","requestId":"89b7e40c-8562-47f8-a970-ac3967572487","method":"OPTIONS","path":"/api/users","statusCode":204,"responseTimeMs":0,"timestamp":"2026-08-28T14:19:10.071Z"}
{"level":"WARN","event":"request_completed","requestId":"ac5865e7-adbe-4665-bddf-e5bc1942d8b3","method":"GET","path":"/api/users","statusCode":403,"responseTimeMs":1,"timestamp":"2026-08-28T14:19:10.074Z"}
{"level":"INFO","event":"request_completed","requestId":"a1de9411-1fc3-4760-8b5d-654921bfa77e","method":"OPTIONS","path":"/api/applications","statusCode":204,"responseTimeMs":0,"timestamp":"2026-08-28T14:19:10.971Z"}
{"level":"INFO","event":"request_completed","requestId":"d937c36a-f89e-4a57-8adb-466b901c0633","method":"GET","path":"/api/applications","statusCode":304,"responseTimeMs":1,"timestamp":"2026-08-28T14:19:10.974Z"}
{"level":"INFO","event":"request_completed","requestId":"2f3bcd6e-c7e2-4745-8c01-aa38a349479c","method":"OPTIONS","path":"/api/licenses","statusCode":204,"responseTimeMs":1,"timestamp":"2026-08-28T14:19:10.978Z"}
{"level":"INFO","event":"request_completed","requestId":"13b94adb-2139-4497-8424-a7673e41eb39","method":"GET","path":"/api/licenses","statusCode":304,"responseTimeMs":1,"timestamp":"2026-08-28T14:19:10.981Z"}
{"level":"INFO","event":"request_completed","requestId":"5c97ecc8-5ef5-4b36-be94-c52114c23632","method":"OPTIONS","path":"/api/inspections","statusCode":204,"responseTimeMs":1,"timestamp":"2026-08-28T14:19:10.987Z"}
{"level":"INFO","event":"request_completed","requestId":"d507af44-8d3a-4b9f-9799-f36641f5810a","method":"GET","path":"/api/inspections","statusCode":304,"responseTimeMs":2,"timestamp":"2026-08-28T14:19:10.991Z"}
{"level":"INFO","event":"request_completed","requestId":"447054b0-e9fd-41e3-87ab-5d519b95750f","method":"OPTIONS","path":"/api/users","statusCode":204,"responseTimeMs":0,"timestamp":"2026-08-28T14:19:10.995Z"}
{"level":"WARN","event":"request_completed","requestId":"e7b71f3a-68b8-4706-b884-cbd6e5e88589","method":"GET","path":"/api/users","statusCode":403,"responseTimeMs":1,"timestamp":"2026-08-28T14:19:10.998Z"}
{"level":"INFO","event":"request_completed","requestId":"ffe73e2c-419a-424a-8e5e-70ccf2eed600","method":"OPTIONS","path":"/api/applications","statusCode":204,"responseTimeMs":1,"timestamp":"2026-08-28T14:19:12.036Z"}
{"level":"INFO","event":"request_completed","requestId":"58ef7d81-1025-4081-ae71-99abbaf51c53","method":"GET","path":"/api/applications","statusCode":304,"responseTimeMs":2,"timestamp":"2026-08-28T14:19:12.040Z"}
{"level":"INFO","event":"request_completed","requestId":"63001fdd-8e33-4cc2-bbd8-3260573b54e0","method":"OPTIONS","path":"/api/licenses","statusCode":204,"responseTimeMs":1,"timestamp":"2026-08-28T14:19:12.044Z"}
{"level":"INFO","event":"request_completed","requestId":"363cb273-2f9b-4ec3-be78-3cb46f28bb25","method":"GET","path":"/api/licenses","statusCode":304,"responseTimeMs":1,"timestamp":"2026-08-28T14:19:12.046Z"}
{"level":"INFO","event":"request_completed","requestId":"78e80bf0-21ca-4bfb-9e19-fd3b1f9f8af1","method":"OPTIONS","path":"/api/inspections","statusCode":204,"responseTimeMs":1,"timestamp":"2026-08-28T14:19:12.051Z"}
{"level":"INFO","event":"request_completed","requestId":"9ce66331-5d5d-433d-91dc-2130c0b9f933","method":"GET","path":"/api/inspections","statusCode":304,"responseTimeMs":1,"timestamp":"2026-08-28T14:19:12.054Z"}
{"level":"INFO","event":"request_completed","requestId":"6c50c12c-bbcd-4b69-bed9-3ef6ae45e480","method":"OPTIONS","path":"/api/users","statusCode":204,"responseTimeMs":1,"timestamp":"2026-08-28T14:19:12.058Z"}
{"level":"WARN","event":"request_completed","requestId":"9f60e3ec-9b9c-462b-bd71-f95826bcc806","method":"GET","path":"/api/users","statusCode":403,"responseTimeMs":2,"timestamp":"2026-08-28T14:19:12.061Z"}
{"level":"INFO","event":"request_completed","requestId":"cddeecc1-36d2-4ced-9af4-5c5ca4dc57aa","method":"OPTIONS","path":"/api/applications","statusCode":204,"responseTimeMs":0,"timestamp":"2026-08-28T14:19:12.943Z"}
{"level":"INFO","event":"request_completed","requestId":"ddc05e46-df99-4d3b-9ad8-fed6e38e32f8","method":"GET","path":"/api/applications","statusCode":304,"responseTimeMs":1,"timestamp":"2026-08-28T14:19:12.946Z"}
{"level":"INFO","event":"request_completed","requestId":"99cedd9f-5949-4734-b82b-dfb77233fa30","method":"OPTIONS","path":"/api/licenses","statusCode":204,"responseTimeMs":0,"timestamp":"2026-08-28T14:19:12.949Z"}
{"level":"INFO","event":"request_completed","requestId":"0b809a9c-f484-4a06-ae64-47387afc85e3","method":"GET","path":"/api/licenses","statusCode":304,"responseTimeMs":1,"timestamp":"2026-08-28T14:19:12.952Z"}
{"level":"INFO","event":"request_completed","requestId":"d9637de3-e3ad-400c-8a9e-4d69f26526c2","method":"OPTIONS","path":"/api/inspections","statusCode":204,"responseTimeMs":1,"timestamp":"2026-08-28T14:19:12.957Z"}
{"level":"INFO","event":"request_completed","requestId":"b3697ac4-ef94-4ea0-8745-dca79433e893","method":"GET","path":"/api/inspections","statusCode":304,"responseTimeMs":1,"timestamp":"2026-08-28T14:19:12.959Z"}
{"level":"INFO","event":"request_completed","requestId":"4a4e7c65-b0fd-4db6-8004-d125c471925a","method":"OPTIONS","path":"/api/users","statusCode":204,"responseTimeMs":1,"timestamp":"2026-08-28T14:19:12.963Z"}
{"level":"WARN","event":"request_completed","requestId":"d8c82560-fa9c-43a9-a09a-37d485862bd2","method":"GET","path":"/api/users","statusCode":403,"responseTimeMs":1,"timestamp":"2026-08-28T14:19:12.966Z"}
{"level":"INFO","event":"request_completed","requestId":"4168e2fc-87cd-4c63-a835-2f8e62e85fb0","method":"OPTIONS","path":"/api/applications","statusCode":204,"responseTimeMs":1,"timestamp":"2026-08-28T14:19:15.145Z"}
{"level":"INFO","event":"request_completed","requestId":"61fb8a3d-c475-48e7-9190-139a8cb090e4","method":"GET","path":"/api/applications","statusCode":304,"responseTimeMs":1,"timestamp":"2026-08-28T14:19:15.148Z"}
{"level":"INFO","event":"request_completed","requestId":"d7c783ae-2c17-42d1-9a70-14cea27c3f79","method":"OPTIONS","path":"/api/licenses","statusCode":204,"responseTimeMs":1,"timestamp":"2026-08-28T14:19:15.152Z"}
{"level":"INFO","event":"request_completed","requestId":"bdcfbc2c-2e34-48e5-9361-afca8b30bb0d","method":"GET","path":"/api/licenses","statusCode":304,"responseTimeMs":1,"timestamp":"2026-08-28T14:19:15.154Z"}
{"level":"INFO","event":"request_completed","requestId":"b8d37ee8-1320-415b-ab9a-d98aae80be72","method":"OPTIONS","path":"/api/inspections","statusCode":204,"responseTimeMs":1,"timestamp":"2026-08-28T14:19:15.159Z"}
{"level":"INFO","event":"request_completed","requestId":"81079e4d-3782-4a86-a1fb-cd53a584fa26","method":"GET","path":"/api/inspections","statusCode":304,"responseTimeMs":1,"timestamp":"2026-08-28T14:19:15.161Z"}
{"level":"INFO","event":"request_completed","requestId":"c93b3d40-8631-4da9-8829-382eec8b9663","method":"OPTIONS","path":"/api/users","statusCode":204,"responseTimeMs":0,"timestamp":"2026-08-28T14:19:15.165Z"}
{"level":"WARN","event":"request_completed","requestId":"5622d6b9-c468-4bfd-b6e1-c93bc2ff2a15","method":"GET","path":"/api/users","statusCode":403,"responseTimeMs":2,"timestamp":"2026-08-28T14:19:15.169Z"}
{"level":"INFO","event":"request_completed","requestId":"664c77ab-037d-4c46-922c-c5c7d93a946d","method":"OPTIONS","path":"/api/applications","statusCode":204,"responseTimeMs":1,"timestamp":"2026-08-28T14:19:16.356Z"}
{"level":"INFO","event":"request_completed","requestId":"abc47de0-add6-4661-b43e-2b25feb4c153","method":"GET","path":"/api/applications","statusCode":304,"responseTimeMs":2,"timestamp":"2026-08-28T14:19:16.359Z"}
{"level":"INFO","event":"request_completed","requestId":"22bef29f-4328-4097-989e-740449a67413","method":"OPTIONS","path":"/api/licenses","statusCode":204,"responseTimeMs":1,"timestamp":"2026-08-28T14:19:16.363Z"}
{"level":"INFO","event":"request_completed","requestId":"0c8ba66f-d5eb-4b8c-886b-d581d7288e3e","method":"GET","path":"/api/licenses","statusCode":304,"responseTimeMs":1,"timestamp":"2026-08-28T14:19:16.365Z"}
{"level":"INFO","event":"request_completed","requestId":"8eca5e14-d229-4ddf-8f3a-2a1144f24fae","method":"OPTIONS","path":"/api/inspections","statusCode":204,"responseTimeMs":1,"timestamp":"2026-08-28T14:19:16.370Z"}
{"level":"INFO","event":"request_completed","requestId":"7517acab-994f-48d6-8a47-0f11151d34ce","method":"GET","path":"/api/inspections","statusCode":304,"responseTimeMs":1,"timestamp":"2026-08-28T14:19:16.373Z"}
{"level":"INFO","event":"request_completed","requestId":"8a4faa4b-193a-4e2d-add4-bd9606b5c642","method":"OPTIONS","path":"/api/users","statusCode":204,"responseTimeMs":1,"timestamp":"2026-08-28T14:19:16.378Z"}
{"level":"WARN","event":"request_completed","requestId":"3a23ef53-5a7e-4ce9-ba95-0c8ca4843c9a","method":"GET","path":"/api/users","statusCode":403,"responseTimeMs":1,"timestamp":"2026-08-28T14:19:16.381Z"}
{"level":"INFO","event":"request_completed","requestId":"70e1ba11-e060-464b-b18b-ca85417d7053","method":"OPTIONS","path":"/api/applications","statusCode":204,"responseTimeMs":1,"timestamp":"2026-08-28T14:19:17.394Z"}
{"level":"INFO","event":"request_completed","requestId":"697f84f8-11d3-45c7-ab49-0ac99b602665","method":"GET","path":"/api/applications","statusCode":304,"responseTimeMs":2,"timestamp":"2026-08-28T14:19:17.398Z"}
{"level":"INFO","event":"request_completed","requestId":"1873a0ae-88f2-4435-88bc-4d37d63df882","method":"OPTIONS","path":"/api/licenses","statusCode":204,"responseTimeMs":1,"timestamp":"2026-08-28T14:19:17.403Z"}
{"level":"INFO","event":"request_completed","requestId":"b60cdb71-b35a-4335-87bd-51b85bd26b87","method":"GET","path":"/api/licenses","statusCode":304,"responseTimeMs":1,"timestamp":"2026-08-28T14:19:17.407Z"}
{"level":"INFO","event":"request_completed","requestId":"7ad6b074-64c3-4c03-9005-8c17ae5cce20","method":"OPTIONS","path":"/api/inspections","statusCode":204,"responseTimeMs":0,"timestamp":"2026-08-28T14:19:17.411Z"}
{"level":"INFO","event":"request_completed","requestId":"a76bd766-ee60-43eb-936b-7e921ac19091","method":"GET","path":"/api/inspections","statusCode":304,"responseTimeMs":1,"timestamp":"2026-08-28T14:19:17.414Z"}
{"level":"INFO","event":"request_completed","requestId":"76b6d1e2-b350-4535-9ce9-fefbe1064040","method":"OPTIONS","path":"/api/users","statusCode":204,"responseTimeMs":1,"timestamp":"2026-08-28T14:19:17.420Z"}
{"level":"WARN","event":"request_completed","requestId":"53ff685b-5da7-4139-adea-7911003b5770","method":"GET","path":"/api/users","statusCode":403,"responseTimeMs":3,"timestamp":"2026-08-28T14:19:17.427Z"}
{"level":"INFO","event":"request_completed","requestId":"319271cf-3a2a-42ab-b2c3-9585f0524b7c","method":"OPTIONS","path":"/api/applications","statusCode":204,"responseTimeMs":1,"timestamp":"2026-08-28T14:19:18.296Z"}
{"level":"INFO","event":"request_completed","requestId":"59e7d28c-d058-4b81-8774-504657d99d0c","method":"GET","path":"/api/applications","statusCode":304,"responseTimeMs":2,"timestamp":"2026-08-28T14:19:18.300Z"}
{"level":"INFO","event":"request_completed","requestId":"7f11c737-8c30-4f19-a3da-0bef87c93e2b","method":"OPTIONS","path":"/api/licenses","statusCode":204,"responseTimeMs":1,"timestamp":"2026-08-28T14:19:18.305Z"}
{"level":"INFO","event":"request_completed","requestId":"66050dfd-9823-430d-ac37-369d203b121f","method":"GET","path":"/api/licenses","statusCode":304,"responseTimeMs":1,"timestamp":"2026-08-28T14:19:18.308Z"}
{"level":"INFO","event":"request_completed","requestId":"fd27e12d-799c-459f-9852-8db54e8ec5dd","method":"OPTIONS","path":"/api/inspections","statusCode":204,"responseTimeMs":1,"timestamp":"2026-08-28T14:19:18.314Z"}
{"level":"INFO","event":"request_completed","requestId":"cbdab746-b71f-4fe4-aacf-8251f0c1d26e","method":"GET","path":"/api/inspections","statusCode":304,"responseTimeMs":1,"timestamp":"2026-08-28T14:19:18.317Z"}
{"level":"INFO","event":"request_completed","requestId":"d4bc0332-39be-42fc-8e58-e5c0d32e814b","method":"OPTIONS","path":"/api/users","statusCode":204,"responseTimeMs":1,"timestamp":"2026-08-28T14:19:18.322Z"}
{"level":"WARN","event":"request_completed","requestId":"a23e5e75-1f09-4309-84d1-515dc24bdfbd","method":"GET","path":"/api/users","statusCode":403,"responseTimeMs":1,"timestamp":"2026-08-28T14:19:18.325Z"}
{"level":"INFO","event":"request_completed","requestId":"83970c03-211d-46e2-a9a1-99f1f83f30bd","method":"OPTIONS","path":"/api/applications","statusCode":204,"responseTimeMs":0,"timestamp":"2026-08-28T14:19:19.139Z"}
{"level":"INFO","event":"request_completed","requestId":"21ef8bfa-af35-4a9e-a4d3-c6e862c644ad","method":"GET","path":"/api/applications","statusCode":304,"responseTimeMs":1,"timestamp":"2026-08-28T14:19:19.143Z"}
{"level":"INFO","event":"request_completed","requestId":"a3a41ce4-36a6-45bf-94de-1a01eb2a34bc","method":"OPTIONS","path":"/api/licenses","statusCode":204,"responseTimeMs":1,"timestamp":"2026-08-28T14:19:19.148Z"}
{"level":"INFO","event":"request_completed","requestId":"e7705aad-dafc-439b-ac37-90e3be6bd18a","method":"GET","path":"/api/licenses","statusCode":304,"responseTimeMs":1,"timestamp":"2026-08-28T14:19:19.150Z"}
{"level":"INFO","event":"request_completed","requestId":"44a6372d-577b-4f4c-b14d-f9b58bd6a8f7","method":"OPTIONS","path":"/api/inspections","statusCode":204,"responseTimeMs":1,"timestamp":"2026-08-28T14:19:19.154Z"}
{"level":"INFO","event":"request_completed","requestId":"8ea09e1d-81e1-4ae2-9789-9fb6a9ca6082","method":"GET","path":"/api/inspections","statusCode":304,"responseTimeMs":1,"timestamp":"2026-08-28T14:19:19.157Z"}
{"level":"INFO","event":"request_completed","requestId":"2a00d656-ddea-4cbb-9f1e-dca53155476c","method":"OPTIONS","path":"/api/users","statusCode":204,"responseTimeMs":1,"timestamp":"2026-08-28T14:19:19.161Z"}
{"level":"WARN","event":"request_completed","requestId":"469f792d-7968-49b7-b9db-c40cdf43d069","method":"GET","path":"/api/users","statusCode":403,"responseTimeMs":1,"timestamp":"2026-08-28T14:19:19.164Z"}
{"level":"INFO","event":"request_completed","requestId":"a875b224-85bd-43f3-8bda-dfd258983d36","method":"OPTIONS","path":"/api/applications","statusCode":204,"responseTimeMs":1,"timestamp":"2026-08-28T14:19:20.325Z"}
{"level":"INFO","event":"request_completed","requestId":"e8917ae5-d504-423e-b140-7be19cbb7930","method":"GET","path":"/api/applications","statusCode":304,"responseTimeMs":1,"timestamp":"2026-08-28T14:19:20.328Z"}
{"level":"INFO","event":"request_completed","requestId":"baa06cd9-b953-49d9-9be9-7534d50fa211","method":"OPTIONS","path":"/api/licenses","statusCode":204,"responseTimeMs":1,"timestamp":"2026-08-28T14:19:20.333Z"}
{"level":"INFO","event":"request_completed","requestId":"c8131e21-26fc-4b6d-8485-f683f410c597","method":"GET","path":"/api/licenses","statusCode":304,"responseTimeMs":1,"timestamp":"2026-08-28T14:19:20.336Z"}
{"level":"INFO","event":"request_completed","requestId":"58ba7241-cbf9-4165-af0e-d5b1a8b9efa2","method":"OPTIONS","path":"/api/inspections","statusCode":204,"responseTimeMs":1,"timestamp":"2026-08-28T14:19:20.340Z"}
{"level":"INFO","event":"request_completed","requestId":"f970c188-ab28-42ce-8e26-0ff3d1e84fdb","method":"GET","path":"/api/inspections","statusCode":304,"responseTimeMs":1,"timestamp":"2026-08-28T14:19:20.343Z"}
{"level":"INFO","event":"request_completed","requestId":"70e8b5a4-1b29-4cb5-bd13-26a0b7df6a93","method":"OPTIONS","path":"/api/users","statusCode":204,"responseTimeMs":1,"timestamp":"2026-08-28T14:19:20.347Z"}
{"level":"WARN","event":"request_completed","requestId":"fc648c84-2359-45b3-aac2-e790566095e7","method":"GET","path":"/api/users","statusCode":403,"responseTimeMs":1,"timestamp":"2026-08-28T14:19:20.350Z"}
{"level":"INFO","event":"request_completed","requestId":"feef6d62-855a-4e38-8d00-3b1109800978","method":"OPTIONS","path":"/api/auth/login","statusCode":204,"responseTimeMs":1,"timestamp":"2026-08-28T14:19:45.060Z"}
{"level":"INFO","event":"request_completed","requestId":"64394e7a-1d2c-4a48-9abf-10529a53e7b9","method":"POST","path":"/api/auth/login","statusCode":201,"responseTimeMs":3,"timestamp":"2026-08-28T14:19:45.064Z"}
{"level":"INFO","event":"request_completed","requestId":"a1a3b397-dc23-4828-a62e-a50911061343","method":"OPTIONS","path":"/api/applications","statusCode":204,"responseTimeMs":0,"timestamp":"2026-08-28T14:19:45.141Z"}
{"level":"WARN","event":"request_completed","requestId":"4dec9ec7-5d38-45a9-b264-ddb24f0bbc99","method":"GET","path":"/api/applications","statusCode":403,"responseTimeMs":1,"timestamp":"2026-08-28T14:19:45.144Z"}
{"level":"INFO","event":"request_completed","requestId":"1bb90cc1-20b1-4c06-8fb8-8a8a1bf565dd","method":"OPTIONS","path":"/api/applications","statusCode":204,"responseTimeMs":1,"timestamp":"2026-08-28T14:19:47.505Z"}
{"level":"WARN","event":"request_completed","requestId":"df98e985-5647-42b4-8347-cf635cbf9d12","method":"GET","path":"/api/applications","statusCode":403,"responseTimeMs":2,"timestamp":"2026-08-28T14:19:47.508Z"}
{"level":"INFO","event":"request_completed","requestId":"bc17cc5b-d2d4-45d8-b9b8-be925fe44708","method":"OPTIONS","path":"/api/applications","statusCode":204,"responseTimeMs":0,"timestamp":"2026-08-28T14:19:49.959Z"}
{"level":"WARN","event":"request_completed","requestId":"118e7d93-aa54-4d2d-af6f-4388d490a68f","method":"GET","path":"/api/applications","statusCode":403,"responseTimeMs":2,"timestamp":"2026-08-28T14:19:49.963Z"}
{"level":"INFO","event":"request_completed","requestId":"4a1e2aca-396b-48a2-b901-5a9ddf2cd675","method":"OPTIONS","path":"/api/applications/mine","statusCode":204,"responseTimeMs":1,"timestamp":"2026-08-28T14:19:52.118Z"}
{"level":"INFO","event":"request_completed","requestId":"8053acdf-92fe-4844-b88c-3fa74f6a89ad","method":"GET","path":"/api/applications/mine","statusCode":200,"responseTimeMs":2,"timestamp":"2026-08-28T14:19:52.121Z"}
{"level":"INFO","event":"request_completed","requestId":"5a53b1e5-98d8-4fef-bef9-d6c490eeb051","method":"OPTIONS","path":"/api/applications","statusCode":204,"responseTimeMs":1,"timestamp":"2026-08-28T14:19:53.544Z"}
{"level":"WARN","event":"request_completed","requestId":"3ed441e7-1eac-417d-8451-cec39652cd7b","method":"GET","path":"/api/applications","statusCode":403,"responseTimeMs":2,"timestamp":"2026-08-28T14:19:53.547Z"}
{"level":"INFO","event":"request_completed","requestId":"b81f9b8d-d4e4-4a62-b81b-3674d80d18c7","method":"OPTIONS","path":"/api/applications","statusCode":204,"responseTimeMs":0,"timestamp":"2026-08-28T14:19:55.205Z"}
{"level":"WARN","event":"request_completed","requestId":"fb1dab06-4a34-430e-bcc1-2a202da7bbad","method":"GET","path":"/api/applications","statusCode":403,"responseTimeMs":2,"timestamp":"2026-08-28T14:19:55.209Z"}
{"level":"INFO","event":"request_completed","requestId":"f78ae9a5-0264-4ff2-bd26-3591134cbe54","method":"OPTIONS","path":"/api/applications","statusCode":204,"responseTimeMs":1,"timestamp":"2026-08-28T14:19:57.154Z"}
{"level":"WARN","event":"request_completed","requestId":"00461895-da35-46be-97b1-55dcdd15f1e9","method":"GET","path":"/api/applications","statusCode":403,"responseTimeMs":2,"timestamp":"2026-08-28T14:19:57.157Z"}
{"level":"INFO","event":"request_completed","requestId":"1cca1aa8-0fe1-490f-926e-6d10754ddab8","method":"OPTIONS","path":"/api/users/register","statusCode":204,"responseTimeMs":1,"timestamp":"2026-08-28T14:20:44.454Z"}
{"level":"INFO","event":"request_completed","requestId":"2031d8f8-3b1f-4bb9-a537-77752760d187","method":"POST","path":"/api/users/register","statusCode":201,"responseTimeMs":17,"timestamp":"2026-08-28T14:20:44.472Z"}
{"level":"INFO","event":"request_completed","requestId":"8a3d1d47-cfa0-4d31-a5e7-87c418d5c65d","method":"OPTIONS","path":"/api/auth/login","statusCode":204,"responseTimeMs":1,"timestamp":"2026-08-28T14:21:09.509Z"}
{"level":"INFO","event":"request_completed","requestId":"2505258d-f457-4c65-bc67-b7efa5337ccd","method":"POST","path":"/api/auth/login","statusCode":201,"responseTimeMs":2,"timestamp":"2026-08-28T14:21:09.512Z"}
{"level":"INFO","event":"request_completed","requestId":"9cb07a0f-0aae-4b25-ae5b-653fa7e2db48","method":"OPTIONS","path":"/api/applications","statusCode":204,"responseTimeMs":0,"timestamp":"2026-08-28T14:21:09.582Z"}
{"level":"WARN","event":"request_completed","requestId":"393c64b6-989e-4f97-849c-a1ee9efa1025","method":"GET","path":"/api/applications","statusCode":403,"responseTimeMs":1,"timestamp":"2026-08-28T14:21:09.585Z"}
{"level":"INFO","event":"request_completed","requestId":"23b90367-47f4-47f4-9d84-bdf85007a29e","method":"OPTIONS","path":"/api/applications","statusCode":204,"responseTimeMs":0,"timestamp":"2026-08-28T14:21:11.040Z"}
{"level":"WARN","event":"request_completed","requestId":"7888eec1-eff1-4e04-88f1-064ff58929d6","method":"GET","path":"/api/applications","statusCode":403,"responseTimeMs":2,"timestamp":"2026-08-28T14:21:11.044Z"}
{"level":"INFO","event":"request_completed","requestId":"23e06310-15be-470a-b505-8ece894a405b","method":"OPTIONS","path":"/api/applications","statusCode":204,"responseTimeMs":1,"timestamp":"2026-08-28T14:21:47.399Z"}
{"level":"WARN","event":"request_completed","requestId":"f734d163-8969-4ec3-a15e-d4afaa417a88","method":"GET","path":"/api/applications","statusCode":403,"responseTimeMs":2,"timestamp":"2026-08-28T14:21:47.403Z"}
{"level":"INFO","event":"request_completed","requestId":"005cae45-d076-4cb7-9dd7-c57227badb73","method":"OPTIONS","path":"/api/applications","statusCode":204,"responseTimeMs":1,"timestamp":"2026-08-28T14:22:23.108Z"}
{"level":"INFO","event":"request_completed","requestId":"f74278c1-b838-4b88-addf-bd57099268a0","method":"POST","path":"/api/applications","statusCode":201,"responseTimeMs":16,"timestamp":"2026-08-28T14:22:23.125Z"}
{"level":"INFO","event":"request_completed","requestId":"cdf20422-9b5d-4fd1-8810-816372f4a326","method":"OPTIONS","path":"/api/documents","statusCode":204,"responseTimeMs":1,"timestamp":"2026-08-28T14:22:23.133Z"}
{"level":"INFO","event":"request_completed","requestId":"2ca3e2e6-3522-4374-a9c9-fb441cd1d849","method":"OPTIONS","path":"/api/documents","statusCode":204,"responseTimeMs":1,"timestamp":"2026-08-28T14:22:23.137Z"}
{"level":"INFO","event":"request_completed","requestId":"af8617a1-db47-4eee-b2ef-51b975fa9199","method":"OPTIONS","path":"/api/documents","statusCode":204,"responseTimeMs":0,"timestamp":"2026-08-28T14:22:23.141Z"}
{"level":"INFO","event":"request_completed","requestId":"9b4aa6e6-02eb-4ee9-90b9-c50a23438b20","method":"POST","path":"/api/documents","statusCode":201,"responseTimeMs":24,"timestamp":"2026-08-28T14:22:23.186Z"}
{"level":"INFO","event":"request_completed","requestId":"99fa4e78-e4c4-4d83-bea0-facfba40e7a3","method":"POST","path":"/api/documents","statusCode":201,"responseTimeMs":50,"timestamp":"2026-08-28T14:22:23.192Z"}
{"level":"INFO","event":"request_completed","requestId":"731a1d5f-e283-4c4b-aeb1-7eb6719568b3","method":"POST","path":"/api/documents","statusCode":201,"responseTimeMs":37,"timestamp":"2026-08-28T14:22:23.206Z"}
{"level":"INFO","event":"request_completed","requestId":"32c91193-3bef-4601-bac8-e09ca6e8789f","method":"OPTIONS","path":"/api/applications","statusCode":204,"responseTimeMs":1,"timestamp":"2026-08-28T14:22:23.286Z"}
{"level":"WARN","event":"request_completed","requestId":"1a3b664e-631c-498a-95ed-65853d9dc5f7","method":"GET","path":"/api/applications","statusCode":403,"responseTimeMs":2,"timestamp":"2026-08-28T14:22:23.290Z"}
{"level":"INFO","event":"request_completed","requestId":"9228c534-2fd4-4b7d-96f9-3a6e7bfc20a5","method":"OPTIONS","path":"/api/payments","statusCode":204,"responseTimeMs":1,"timestamp":"2026-08-28T14:22:27.650Z"}
{"level":"INFO","event":"request_completed","requestId":"b319f7c7-95f1-4cee-91ef-e1367db649bc","method":"POST","path":"/api/payments","statusCode":201,"responseTimeMs":20,"timestamp":"2026-08-28T14:22:27.671Z"}
{"level":"INFO","event":"request_completed","requestId":"4e140d21-0320-4f2c-99bd-9eb609a6044f","method":"OPTIONS","path":"/api/applications","statusCode":204,"responseTimeMs":0,"timestamp":"2026-08-28T14:22:27.785Z"}
{"level":"WARN","event":"request_completed","requestId":"516e57dc-a043-4870-927d-3ed0fc54507c","method":"GET","path":"/api/applications","statusCode":403,"responseTimeMs":2,"timestamp":"2026-08-28T14:22:27.790Z"}
{"level":"INFO","event":"request_completed","requestId":"d8eabe57-7bd2-43d2-994d-9dde45ffa8e4","method":"OPTIONS","path":"/api/applications/mine","statusCode":204,"responseTimeMs":1,"timestamp":"2026-08-28T14:22:29.499Z"}
{"level":"INFO","event":"request_completed","requestId":"83f9ae17-6b1f-4bd1-a17a-10175a80488a","method":"GET","path":"/api/applications/mine","statusCode":200,"responseTimeMs":2,"timestamp":"2026-08-28T14:22:29.503Z"}
{"level":"INFO","event":"request_completed","requestId":"ce0ecee3-9777-478e-9561-d4c2e6d5d0a3","method":"OPTIONS","path":"/api/applications","statusCode":204,"responseTimeMs":0,"timestamp":"2026-08-28T14:22:33.535Z"}
{"level":"WARN","event":"request_completed","requestId":"6dbbfe53-6373-450b-bcd1-f5400777de27","method":"GET","path":"/api/applications","statusCode":403,"responseTimeMs":2,"timestamp":"2026-08-28T14:22:33.539Z"}
{"level":"INFO","event":"request_completed","requestId":"9180f510-2ce5-470e-853e-2043673357c0","method":"OPTIONS","path":"/api/applications","statusCode":204,"responseTimeMs":1,"timestamp":"2026-08-28T14:22:37.328Z"}
{"level":"WARN","event":"request_completed","requestId":"de440122-5e9c-4caa-92f3-ad6e02f3af0a","method":"GET","path":"/api/applications","statusCode":403,"responseTimeMs":1,"timestamp":"2026-08-28T14:22:37.331Z"}
{"level":"INFO","event":"request_completed","requestId":"b7d629f6-3b2b-4c4c-9b40-14b9e74d2f2f","method":"OPTIONS","path":"/api/applications","statusCode":204,"responseTimeMs":1,"timestamp":"2026-08-28T14:22:39.527Z"}
{"level":"WARN","event":"request_completed","requestId":"b70d798b-b685-4fe0-a7ea-40756eede74e","method":"GET","path":"/api/applications","statusCode":403,"responseTimeMs":2,"timestamp":"2026-08-28T14:22:39.531Z"}
{"level":"INFO","event":"request_completed","requestId":"0ee31dfc-7cf0-4c5e-99b5-e02cc8d1c342","method":"OPTIONS","path":"/api/applications","statusCode":204,"responseTimeMs":1,"timestamp":"2026-08-28T14:22:40.807Z"}
{"level":"WARN","event":"request_completed","requestId":"7545e790-e916-4c32-bbaf-de8950dac99b","method":"GET","path":"/api/applications","statusCode":403,"responseTimeMs":1,"timestamp":"2026-08-28T14:22:40.811Z"}
{"level":"INFO","event":"request_completed","requestId":"74c25fca-581f-40c7-b964-ac348efac652","method":"OPTIONS","path":"/api/applications","statusCode":204,"responseTimeMs":0,"timestamp":"2026-08-28T14:22:42.938Z"}
{"level":"WARN","event":"request_completed","requestId":"46bef136-5c05-44b9-a73b-dff17871feb5","method":"GET","path":"/api/applications","statusCode":403,"responseTimeMs":1,"timestamp":"2026-08-28T14:22:42.942Z"}
{"level":"INFO","event":"request_completed","requestId":"c9d6092f-ab5b-4731-a698-e8e0843a2c8b","method":"OPTIONS","path":"/api/auth/login","statusCode":204,"responseTimeMs":0,"timestamp":"2026-08-28T14:23:35.282Z"}
{"level":"INFO","event":"request_completed","requestId":"89f735c6-c22b-4ad6-8555-82f696541806","method":"POST","path":"/api/auth/login","statusCode":201,"responseTimeMs":2,"timestamp":"2026-08-28T14:23:35.286Z"}
{"level":"INFO","event":"request_completed","requestId":"16d384e0-f8ce-4005-b924-283eb51bcc75","method":"OPTIONS","path":"/api/applications","statusCode":204,"responseTimeMs":1,"timestamp":"2026-08-28T14:23:35.371Z"}
{"level":"INFO","event":"request_completed","requestId":"7df6a965-50fc-480e-aab2-805a4235e125","method":"GET","path":"/api/applications","statusCode":200,"responseTimeMs":2,"timestamp":"2026-08-28T14:23:35.375Z"}
{"level":"INFO","event":"request_completed","requestId":"b8f1c473-fb01-48a0-a97b-05222736b17f","method":"OPTIONS","path":"/api/licenses","statusCode":204,"responseTimeMs":0,"timestamp":"2026-08-28T14:23:35.380Z"}
{"level":"INFO","event":"request_completed","requestId":"3952453f-7772-4042-bc00-732cb518c2b3","method":"GET","path":"/api/licenses","statusCode":304,"responseTimeMs":1,"timestamp":"2026-08-28T14:23:35.383Z"}
{"level":"INFO","event":"request_completed","requestId":"8927b5e6-5d7f-4aa6-8dd5-5c2d295791aa","method":"OPTIONS","path":"/api/inspections","statusCode":204,"responseTimeMs":0,"timestamp":"2026-08-28T14:23:35.388Z"}
{"level":"INFO","event":"request_completed","requestId":"e4787c62-84e1-461a-8fa0-7dd0b98a3468","method":"GET","path":"/api/inspections","statusCode":304,"responseTimeMs":1,"timestamp":"2026-08-28T14:23:35.393Z"}
{"level":"INFO","event":"request_completed","requestId":"c6cc05f9-ad54-4f34-9aae-70022398d1cc","method":"OPTIONS","path":"/api/users","statusCode":204,"responseTimeMs":1,"timestamp":"2026-08-28T14:23:35.398Z"}
{"level":"WARN","event":"request_completed","requestId":"9477c83d-b344-4f3f-ae4b-b6308122155d","method":"GET","path":"/api/users","statusCode":403,"responseTimeMs":1,"timestamp":"2026-08-28T14:23:35.401Z"}
{"level":"INFO","event":"request_completed","requestId":"03b273ba-063c-443f-bc84-732a5c43e403","method":"OPTIONS","path":"/api/applications","statusCode":204,"responseTimeMs":1,"timestamp":"2026-08-28T14:23:42.497Z"}
{"level":"INFO","event":"request_completed","requestId":"96b5aec8-5a3d-4e32-a8c5-ed1649ea682a","method":"GET","path":"/api/applications","statusCode":304,"responseTimeMs":2,"timestamp":"2026-08-28T14:23:42.501Z"}
{"level":"INFO","event":"request_completed","requestId":"4fc81ddc-6bb9-4eda-8d0f-c0a6bf315d1f","method":"OPTIONS","path":"/api/licenses","statusCode":204,"responseTimeMs":1,"timestamp":"2026-08-28T14:23:42.506Z"}
{"level":"INFO","event":"request_completed","requestId":"7d0bd59d-0b19-45dc-92c7-04983baee6d1","method":"GET","path":"/api/licenses","statusCode":304,"responseTimeMs":1,"timestamp":"2026-08-28T14:23:42.509Z"}
{"level":"INFO","event":"request_completed","requestId":"05058d0e-2291-4326-a292-163e25288ebb","method":"OPTIONS","path":"/api/inspections","statusCode":204,"responseTimeMs":0,"timestamp":"2026-08-28T14:23:42.514Z"}
{"level":"INFO","event":"request_completed","requestId":"f0be3bec-7727-49aa-a8f0-09c3190779ea","method":"GET","path":"/api/inspections","statusCode":304,"responseTimeMs":1,"timestamp":"2026-08-28T14:23:42.517Z"}
{"level":"INFO","event":"request_completed","requestId":"9f54d5e0-94cc-4af8-a42e-50b59d91f108","method":"OPTIONS","path":"/api/users","statusCode":204,"responseTimeMs":1,"timestamp":"2026-08-28T14:23:42.522Z"}
{"level":"WARN","event":"request_completed","requestId":"92a30c0b-af01-42ed-ab09-18238f8bd689","method":"GET","path":"/api/users","statusCode":403,"responseTimeMs":2,"timestamp":"2026-08-28T14:23:42.526Z"}
{"level":"INFO","event":"request_completed","requestId":"3c56cdab-25c9-4cf7-b2ad-0134795089a9","method":"OPTIONS","path":"/api/applications","statusCode":204,"responseTimeMs":0,"timestamp":"2026-08-28T14:23:45.115Z"}
{"level":"INFO","event":"request_completed","requestId":"b8829765-b810-4c1b-8d91-c53ef19900cc","method":"GET","path":"/api/applications","statusCode":304,"responseTimeMs":2,"timestamp":"2026-08-28T14:23:45.119Z"}
{"level":"INFO","event":"request_completed","requestId":"ea6e6d44-67ea-40d2-bacc-982bbce45595","method":"OPTIONS","path":"/api/licenses","statusCode":204,"responseTimeMs":0,"timestamp":"2026-08-28T14:23:45.124Z"}
{"level":"INFO","event":"request_completed","requestId":"93c399e7-7702-4957-b1a1-9022844803ac","method":"GET","path":"/api/licenses","statusCode":304,"responseTimeMs":1,"timestamp":"2026-08-28T14:23:45.127Z"}
{"level":"INFO","event":"request_completed","requestId":"71965ff1-7e03-4fa6-99c3-5acf581bc8f5","method":"OPTIONS","path":"/api/inspections","statusCode":204,"responseTimeMs":1,"timestamp":"2026-08-28T14:23:45.132Z"}
{"level":"INFO","event":"request_completed","requestId":"ca196d2e-b283-4439-aa7c-36204fe7c3e9","method":"GET","path":"/api/inspections","statusCode":304,"responseTimeMs":1,"timestamp":"2026-08-28T14:23:45.135Z"}
{"level":"INFO","event":"request_completed","requestId":"5eaae52b-0550-4209-b0f8-80ed7626e80c","method":"OPTIONS","path":"/api/users","statusCode":204,"responseTimeMs":1,"timestamp":"2026-08-28T14:23:45.139Z"}
{"level":"WARN","event":"request_completed","requestId":"613b1fa7-1fc6-4317-92ba-fc7da8df0415","method":"GET","path":"/api/users","statusCode":403,"responseTimeMs":1,"timestamp":"2026-08-28T14:23:45.141Z"}
{"level":"INFO","event":"request_completed","requestId":"ca56ae12-9423-43fc-b049-fb43d5085f56","method":"OPTIONS","path":"/api/applications","statusCode":204,"responseTimeMs":1,"timestamp":"2026-08-28T14:23:46.332Z"}
{"level":"INFO","event":"request_completed","requestId":"fdb85477-3b7c-4981-9445-8ad84fee7bb7","method":"GET","path":"/api/applications","statusCode":304,"responseTimeMs":1,"timestamp":"2026-08-28T14:23:46.334Z"}
{"level":"INFO","event":"request_completed","requestId":"8dd76be4-8aa7-4e20-ac9a-087999104a84","method":"OPTIONS","path":"/api/licenses","statusCode":204,"responseTimeMs":0,"timestamp":"2026-08-28T14:23:46.338Z"}
{"level":"INFO","event":"request_completed","requestId":"ff79b75c-839c-457e-8d34-3cbcb39c5239","method":"GET","path":"/api/licenses","statusCode":304,"responseTimeMs":1,"timestamp":"2026-08-28T14:23:46.340Z"}
{"level":"INFO","event":"request_completed","requestId":"9612d71f-6c8d-4ea3-95d4-024dbe6e558d","method":"OPTIONS","path":"/api/inspections","statusCode":204,"responseTimeMs":1,"timestamp":"2026-08-28T14:23:46.344Z"}
{"level":"INFO","event":"request_completed","requestId":"741c78b9-85f6-4423-a81a-f5b4bd811525","method":"GET","path":"/api/inspections","statusCode":304,"responseTimeMs":2,"timestamp":"2026-08-28T14:23:46.347Z"}
{"level":"INFO","event":"request_completed","requestId":"12e29914-1eaa-43ff-bd58-a5fff60bff7d","method":"OPTIONS","path":"/api/users","statusCode":204,"responseTimeMs":1,"timestamp":"2026-08-28T14:23:46.351Z"}
{"level":"WARN","event":"request_completed","requestId":"53e32562-4a77-4aeb-868d-46f89ea1d756","method":"GET","path":"/api/users","statusCode":403,"responseTimeMs":1,"timestamp":"2026-08-28T14:23:46.353Z"}
{"level":"INFO","event":"request_completed","requestId":"0639232b-18c0-4221-a9bd-43148fe3e96e","method":"OPTIONS","path":"/api/applications","statusCode":204,"responseTimeMs":1,"timestamp":"2026-08-28T14:23:47.584Z"}
{"level":"INFO","event":"request_completed","requestId":"934b2bf3-5468-4119-bace-f131020abb09","method":"GET","path":"/api/applications","statusCode":304,"responseTimeMs":1,"timestamp":"2026-08-28T14:23:47.586Z"}
{"level":"INFO","event":"request_completed","requestId":"9f0d99e3-bd98-4422-a84f-344c8aa7cb90","method":"OPTIONS","path":"/api/licenses","statusCode":204,"responseTimeMs":0,"timestamp":"2026-08-28T14:23:47.590Z"}
{"level":"INFO","event":"request_completed","requestId":"c005b7b1-c8a1-4783-87a2-67ea913f66fb","method":"GET","path":"/api/licenses","statusCode":304,"responseTimeMs":1,"timestamp":"2026-08-28T14:23:47.593Z"}
{"level":"INFO","event":"request_completed","requestId":"ca9a8eb3-d416-430e-807d-37a180ecbce2","method":"OPTIONS","path":"/api/inspections","statusCode":204,"responseTimeMs":1,"timestamp":"2026-08-28T14:23:47.598Z"}
{"level":"INFO","event":"request_completed","requestId":"83a5842f-07a9-4697-89b1-6f3f2c88a0ae","method":"GET","path":"/api/inspections","statusCode":304,"responseTimeMs":1,"timestamp":"2026-08-28T14:23:47.601Z"}
{"level":"INFO","event":"request_completed","requestId":"a734fa80-1136-4f59-a74d-8eb643bdfefb","method":"OPTIONS","path":"/api/users","statusCode":204,"responseTimeMs":0,"timestamp":"2026-08-28T14:23:47.605Z"}
{"level":"WARN","event":"request_completed","requestId":"daf1bd86-49d2-4ad8-b4b2-472980807ab3","method":"GET","path":"/api/users","statusCode":403,"responseTimeMs":2,"timestamp":"2026-08-28T14:23:47.609Z"}
{"level":"INFO","event":"request_completed","requestId":"59e8050f-8b19-4407-995f-d664f6d57a24","method":"OPTIONS","path":"/api/applications","statusCode":204,"responseTimeMs":0,"timestamp":"2026-08-28T14:23:49.183Z"}
{"level":"INFO","event":"request_completed","requestId":"244c1b75-8a06-4d0a-84bd-0294d33f657e","method":"GET","path":"/api/applications","statusCode":304,"responseTimeMs":1,"timestamp":"2026-08-28T14:23:49.187Z"}
{"level":"INFO","event":"request_completed","requestId":"31b5789b-7958-4032-b93b-5b57685cdd8c","method":"OPTIONS","path":"/api/licenses","statusCode":204,"responseTimeMs":0,"timestamp":"2026-08-28T14:23:49.191Z"}
{"level":"INFO","event":"request_completed","requestId":"f7cb9b33-2af7-4202-973b-07aa97ffb97f","method":"GET","path":"/api/licenses","statusCode":304,"responseTimeMs":1,"timestamp":"2026-08-28T14:23:49.193Z"}
{"level":"INFO","event":"request_completed","requestId":"3cb5589f-9436-46aa-8e34-74aa7d0a373c","method":"OPTIONS","path":"/api/inspections","statusCode":204,"responseTimeMs":1,"timestamp":"2026-08-28T14:23:49.198Z"}
{"level":"INFO","event":"request_completed","requestId":"a2fdf60c-6553-4620-809b-c8d62d285390","method":"GET","path":"/api/inspections","statusCode":304,"responseTimeMs":1,"timestamp":"2026-08-28T14:23:49.200Z"}
{"level":"INFO","event":"request_completed","requestId":"f4e5ee98-bd66-4e21-a613-6d15708f041c","method":"OPTIONS","path":"/api/users","statusCode":204,"responseTimeMs":1,"timestamp":"2026-08-28T14:23:49.205Z"}
{"level":"WARN","event":"request_completed","requestId":"cdd99010-084b-4755-a40a-0f209a5169a7","method":"GET","path":"/api/users","statusCode":403,"responseTimeMs":1,"timestamp":"2026-08-28T14:23:49.207Z"}
{"level":"INFO","event":"request_completed","requestId":"b699b0bc-de66-41b5-92ec-11d18fc6e5a0","method":"OPTIONS","path":"/api/auth/login","statusCode":204,"responseTimeMs":0,"timestamp":"2026-08-28T14:24:12.123Z"}
{"level":"INFO","event":"request_completed","requestId":"f5b2535b-7032-4180-a18f-aa95cb15c6b8","method":"POST","path":"/api/auth/login","statusCode":201,"responseTimeMs":1,"timestamp":"2026-08-28T14:24:12.126Z"}
{"level":"INFO","event":"request_completed","requestId":"76462339-ef9e-4815-8d93-8b0bad5d2f8a","method":"OPTIONS","path":"/api/applications","statusCode":204,"responseTimeMs":0,"timestamp":"2026-08-28T14:24:12.216Z"}
{"level":"INFO","event":"request_completed","requestId":"eb7608f0-ea2e-4991-879f-26fa070cd500","method":"GET","path":"/api/applications","statusCode":304,"responseTimeMs":1,"timestamp":"2026-08-28T14:24:12.220Z"}
{"level":"INFO","event":"request_completed","requestId":"74ca2be1-8be6-49ca-92b1-022173513449","method":"OPTIONS","path":"/api/licenses","statusCode":204,"responseTimeMs":0,"timestamp":"2026-08-28T14:24:12.225Z"}
{"level":"INFO","event":"request_completed","requestId":"ee6c6032-da41-4fb7-b8ba-36a5c94a21a4","method":"GET","path":"/api/licenses","statusCode":304,"responseTimeMs":1,"timestamp":"2026-08-28T14:24:12.229Z"}
{"level":"INFO","event":"request_completed","requestId":"02691690-1c03-43b9-ab7b-f442984f619e","method":"OPTIONS","path":"/api/inspections","statusCode":204,"responseTimeMs":0,"timestamp":"2026-08-28T14:24:12.234Z"}
{"level":"WARN","event":"request_completed","requestId":"3ac95f60-ff09-48ea-8ed2-0179018a5e7c","method":"GET","path":"/api/inspections","statusCode":403,"responseTimeMs":1,"timestamp":"2026-08-28T14:24:12.238Z"}
{"level":"INFO","event":"request_completed","requestId":"c84319d0-3d61-4cd5-86b6-c176645c6081","method":"OPTIONS","path":"/api/users","statusCode":204,"responseTimeMs":1,"timestamp":"2026-08-28T14:24:12.243Z"}
{"level":"WARN","event":"request_completed","requestId":"263218b1-a6a7-40a4-90b0-a8c19429589a","method":"GET","path":"/api/users","statusCode":403,"responseTimeMs":1,"timestamp":"2026-08-28T14:24:12.246Z"}
{"level":"INFO","event":"request_completed","requestId":"d385724b-4048-477b-816d-cf8a8b972fe6","method":"OPTIONS","path":"/api/audit-logs","statusCode":204,"responseTimeMs":1,"timestamp":"2026-08-28T14:24:12.307Z"}
{"level":"INFO","event":"request_completed","requestId":"8108dee2-b08d-4596-ac44-602fd0ffc882","method":"OPTIONS","path":"/api/applications","statusCode":204,"responseTimeMs":0,"timestamp":"2026-08-28T14:24:12.309Z"}
{"level":"INFO","event":"request_completed","requestId":"464ec577-2083-4f4c-ac0a-e89af3e36d2a","method":"GET","path":"/api/audit-logs","statusCode":200,"responseTimeMs":1,"timestamp":"2026-08-28T14:24:12.312Z"}
{"level":"INFO","event":"request_completed","requestId":"ffbe28b4-42fd-41ab-9b63-a1d6a65ad1a8","method":"GET","path":"/api/applications","statusCode":304,"responseTimeMs":1,"timestamp":"2026-08-28T14:24:12.314Z"}
{"level":"INFO","event":"request_completed","requestId":"a303d243-6f16-49ca-bc43-d2a1830c4c73","method":"OPTIONS","path":"/api/auth/login","statusCode":204,"responseTimeMs":1,"timestamp":"2026-08-28T14:24:46.528Z"}
{"level":"INFO","event":"request_completed","requestId":"a7b46384-f6b2-4139-b459-f18c98d59c5c","method":"POST","path":"/api/auth/login","statusCode":201,"responseTimeMs":2,"timestamp":"2026-08-28T14:24:46.531Z"}
{"level":"INFO","event":"request_completed","requestId":"986e947e-8d99-4e3d-a011-fc763850b949","method":"OPTIONS","path":"/api/applications","statusCode":204,"responseTimeMs":1,"timestamp":"2026-08-28T14:24:46.596Z"}
{"level":"INFO","event":"request_completed","requestId":"89846813-a947-4160-90a1-b288d3794b1c","method":"GET","path":"/api/applications","statusCode":304,"responseTimeMs":2,"timestamp":"2026-08-28T14:24:46.599Z"}
{"level":"INFO","event":"request_completed","requestId":"d91c4505-d64c-4f21-936e-680f56ce5e16","method":"OPTIONS","path":"/api/licenses","statusCode":204,"responseTimeMs":0,"timestamp":"2026-08-28T14:24:46.602Z"}
{"level":"INFO","event":"request_completed","requestId":"c76316f7-c642-489a-996e-8e9ec35ec70f","method":"GET","path":"/api/licenses","statusCode":304,"responseTimeMs":1,"timestamp":"2026-08-28T14:24:46.604Z"}
{"level":"INFO","event":"request_completed","requestId":"fe8669ab-e3d2-44c5-a3a3-361e1b7d5a05","method":"OPTIONS","path":"/api/inspections","statusCode":204,"responseTimeMs":0,"timestamp":"2026-08-28T14:24:46.608Z"}
{"level":"INFO","event":"request_completed","requestId":"6d4dd0de-815c-410b-a8e0-bc993fcef1d7","method":"GET","path":"/api/inspections","statusCode":200,"responseTimeMs":1,"timestamp":"2026-08-28T14:24:46.610Z"}
{"level":"INFO","event":"request_completed","requestId":"28fd2e91-5442-4bec-93f8-02052b1c26fc","method":"OPTIONS","path":"/api/users","statusCode":204,"responseTimeMs":0,"timestamp":"2026-08-28T14:24:46.614Z"}
{"level":"INFO","event":"request_completed","requestId":"bfe5adf0-bead-47ae-97ee-04c1fea624e1","method":"GET","path":"/api/users","statusCode":200,"responseTimeMs":1,"timestamp":"2026-08-28T14:24:46.617Z"}
{"level":"INFO","event":"request_completed","requestId":"d5d2854a-5aa1-4c2c-83af-0c4de84b02ea","method":"OPTIONS","path":"/api/applications","statusCode":204,"responseTimeMs":1,"timestamp":"2026-08-28T14:24:50.719Z"}
{"level":"INFO","event":"request_completed","requestId":"c013a81a-760a-40c7-b233-aa9f66043655","method":"GET","path":"/api/applications","statusCode":304,"responseTimeMs":1,"timestamp":"2026-08-28T14:24:50.722Z"}
{"level":"INFO","event":"request_completed","requestId":"9b795d1e-e382-4e48-8e88-2e3b84f8c29a","method":"OPTIONS","path":"/api/licenses","statusCode":204,"responseTimeMs":0,"timestamp":"2026-08-28T14:24:50.726Z"}
{"level":"INFO","event":"request_completed","requestId":"fe374460-d6c7-4828-8866-d63539291f7c","method":"GET","path":"/api/licenses","statusCode":304,"responseTimeMs":1,"timestamp":"2026-08-28T14:24:50.729Z"}
{"level":"INFO","event":"request_completed","requestId":"2c57c3a3-ee55-4ba2-a6df-1eb74fe37dd5","method":"OPTIONS","path":"/api/inspections","statusCode":204,"responseTimeMs":1,"timestamp":"2026-08-28T14:24:50.733Z"}
{"level":"INFO","event":"request_completed","requestId":"afb4e630-d26e-4051-85e9-853bce930e6c","method":"GET","path":"/api/inspections","statusCode":304,"responseTimeMs":0,"timestamp":"2026-08-28T14:24:50.735Z"}
{"level":"INFO","event":"request_completed","requestId":"8da4d630-bcfd-4503-bd96-5179d57b7d1b","method":"OPTIONS","path":"/api/users","statusCode":204,"responseTimeMs":0,"timestamp":"2026-08-28T14:24:50.739Z"}
{"level":"INFO","event":"request_completed","requestId":"f6927802-7f0c-4f04-b681-9d156bb34ff0","method":"GET","path":"/api/users","statusCode":304,"responseTimeMs":1,"timestamp":"2026-08-28T14:24:50.743Z"}
{"level":"INFO","event":"request_completed","requestId":"1ae0fbda-de76-4d1f-8995-5d48385c72f8","method":"OPTIONS","path":"/api/applications","statusCode":204,"responseTimeMs":1,"timestamp":"2026-08-28T14:24:57.106Z"}
{"level":"INFO","event":"request_completed","requestId":"a065f18a-e8d4-4dd9-bfbd-ed993eae4994","method":"GET","path":"/api/applications","statusCode":304,"responseTimeMs":1,"timestamp":"2026-08-28T14:24:57.108Z"}
{"level":"INFO","event":"request_completed","requestId":"c6ea477c-2e9c-4d32-af2a-99a61049f7d7","method":"OPTIONS","path":"/api/licenses","statusCode":204,"responseTimeMs":1,"timestamp":"2026-08-28T14:24:57.113Z"}
{"level":"INFO","event":"request_completed","requestId":"6fa9e46f-477f-46db-9fdd-3d53fd896c3f","method":"GET","path":"/api/licenses","statusCode":304,"responseTimeMs":1,"timestamp":"2026-08-28T14:24:57.116Z"}
{"level":"INFO","event":"request_completed","requestId":"21b4bb08-03dc-477c-9fe1-c0b833024e13","method":"OPTIONS","path":"/api/inspections","statusCode":204,"responseTimeMs":1,"timestamp":"2026-08-28T14:24:57.120Z"}
{"level":"INFO","event":"request_completed","requestId":"648145bf-26c4-4da5-acdb-3e0599a16aa5","method":"GET","path":"/api/inspections","statusCode":304,"responseTimeMs":1,"timestamp":"2026-08-28T14:24:57.122Z"}
{"level":"INFO","event":"request_completed","requestId":"da83e151-8aeb-4fa3-89b2-8f2cb83e2634","method":"OPTIONS","path":"/api/users","statusCode":204,"responseTimeMs":0,"timestamp":"2026-08-28T14:24:57.126Z"}
{"level":"INFO","event":"request_completed","requestId":"0ff16173-f354-4684-a712-97c687fc5abf","method":"GET","path":"/api/users","statusCode":304,"responseTimeMs":1,"timestamp":"2026-08-28T14:24:57.129Z"}
{"level":"INFO","event":"request_completed","requestId":"d402df27-dd9d-4b8a-bc66-f3007ad605c2","method":"OPTIONS","path":"/api/applications","statusCode":204,"responseTimeMs":0,"timestamp":"2026-08-28T14:24:58.712Z"}
{"level":"INFO","event":"request_completed","requestId":"c964aa8b-0d5d-4d64-91fb-c96eca0c3b24","method":"GET","path":"/api/applications","statusCode":304,"responseTimeMs":2,"timestamp":"2026-08-28T14:24:58.716Z"}
{"level":"INFO","event":"request_completed","requestId":"4ca57a97-a5a9-4641-b5aa-f9bd70bf223d","method":"OPTIONS","path":"/api/licenses","statusCode":204,"responseTimeMs":0,"timestamp":"2026-08-28T14:24:58.719Z"}
{"level":"INFO","event":"request_completed","requestId":"55bbe941-f95d-4bdf-97c1-04815b04807b","method":"GET","path":"/api/licenses","statusCode":304,"responseTimeMs":0,"timestamp":"2026-08-28T14:24:58.721Z"}
{"level":"INFO","event":"request_completed","requestId":"2de05c02-b169-4bb5-bedf-afd0ebdb033b","method":"OPTIONS","path":"/api/inspections","statusCode":204,"responseTimeMs":0,"timestamp":"2026-08-28T14:24:58.725Z"}
{"level":"INFO","event":"request_completed","requestId":"a3ad3b49-95c9-4ac8-a8ed-68c55d91c1d4","method":"GET","path":"/api/inspections","statusCode":304,"responseTimeMs":0,"timestamp":"2026-08-28T14:24:58.727Z"}
{"level":"INFO","event":"request_completed","requestId":"3e9aa0b1-0ee2-42a2-9aad-7aa17fb39190","method":"OPTIONS","path":"/api/users","statusCode":204,"responseTimeMs":1,"timestamp":"2026-08-28T14:24:58.731Z"}
{"level":"INFO","event":"request_completed","requestId":"c7f4e00a-ef5b-47a1-8646-3fa6f4cded21","method":"GET","path":"/api/users","statusCode":304,"responseTimeMs":1,"timestamp":"2026-08-28T14:24:58.733Z"}
{"level":"INFO","event":"request_completed","requestId":"4c02a9cd-1b66-4340-a3db-15c715db8936","method":"OPTIONS","path":"/api/applications","statusCode":204,"responseTimeMs":0,"timestamp":"2026-08-28T14:25:01.327Z"}
{"level":"INFO","event":"request_completed","requestId":"0c2502ec-95ca-4b6e-8ec0-a8fdf5088afa","method":"GET","path":"/api/applications","statusCode":304,"responseTimeMs":1,"timestamp":"2026-08-28T14:25:01.330Z"}
{"level":"INFO","event":"request_completed","requestId":"f4d9cb9a-e8de-4f07-99d9-6e9ddd823560","method":"OPTIONS","path":"/api/licenses","statusCode":204,"responseTimeMs":0,"timestamp":"2026-08-28T14:25:01.335Z"}
{"level":"INFO","event":"request_completed","requestId":"8038005d-563d-4175-9e69-c3e7cc0a049c","method":"GET","path":"/api/licenses","statusCode":304,"responseTimeMs":0,"timestamp":"2026-08-28T14:25:01.337Z"}
{"level":"INFO","event":"request_completed","requestId":"5e2ebabb-5bd8-4a86-b0ac-c6db03e86e1f","method":"OPTIONS","path":"/api/inspections","statusCode":204,"responseTimeMs":0,"timestamp":"2026-08-28T14:25:01.341Z"}
{"level":"INFO","event":"request_completed","requestId":"51d0601f-9db1-40b1-8c24-21e59a98a05f","method":"GET","path":"/api/inspections","statusCode":304,"responseTimeMs":1,"timestamp":"2026-08-28T14:25:01.345Z"}
{"level":"INFO","event":"request_completed","requestId":"c2139907-bd62-450f-8eda-6e32d5d0e21e","method":"OPTIONS","path":"/api/users","statusCode":204,"responseTimeMs":0,"timestamp":"2026-08-28T14:25:01.348Z"}
{"level":"INFO","event":"request_completed","requestId":"a7d382c5-09c0-4369-bd15-a7a7ddf2ff2b","method":"GET","path":"/api/users","statusCode":304,"responseTimeMs":1,"timestamp":"2026-08-28T14:25:01.351Z"}
{"level":"INFO","event":"request_completed","requestId":"307f25e0-54bc-4331-8393-6022b6158a02","method":"OPTIONS","path":"/api/auth/login","statusCode":204,"responseTimeMs":1,"timestamp":"2026-08-28T14:25:47.193Z"}
{"level":"INFO","event":"request_completed","requestId":"da970c57-144d-4402-b576-1e52f0263ae8","method":"POST","path":"/api/auth/login","statusCode":201,"responseTimeMs":2,"timestamp":"2026-08-28T14:25:47.196Z"}
{"level":"INFO","event":"request_completed","requestId":"b9e0786b-1585-42eb-af2d-8d978dfa2d07","method":"OPTIONS","path":"/api/applications","statusCode":204,"responseTimeMs":0,"timestamp":"2026-08-28T14:25:47.276Z"}
{"level":"INFO","event":"request_completed","requestId":"393e126b-053f-4bcf-81a7-72290b3a0ecc","method":"GET","path":"/api/applications","statusCode":304,"responseTimeMs":1,"timestamp":"2026-08-28T14:25:47.280Z"}
{"level":"INFO","event":"request_completed","requestId":"5de85999-896d-471f-bfa8-226bf8abacd2","method":"OPTIONS","path":"/api/licenses","statusCode":204,"responseTimeMs":0,"timestamp":"2026-08-28T14:25:47.285Z"}
{"level":"INFO","event":"request_completed","requestId":"6dbc1ed8-ee26-40ef-b052-4ec6b7cb26eb","method":"GET","path":"/api/licenses","statusCode":304,"responseTimeMs":1,"timestamp":"2026-08-28T14:25:47.288Z"}
{"level":"INFO","event":"request_completed","requestId":"8909b60a-39b7-4aec-904b-be469ff6ff13","method":"OPTIONS","path":"/api/inspections","statusCode":204,"responseTimeMs":1,"timestamp":"2026-08-28T14:25:47.293Z"}
{"level":"WARN","event":"request_completed","requestId":"cc9d00e2-2195-4568-aca0-81ca6771f0ed","method":"GET","path":"/api/inspections","statusCode":403,"responseTimeMs":1,"timestamp":"2026-08-28T14:25:47.296Z"}
{"level":"INFO","event":"request_completed","requestId":"6701a444-9e00-4d68-b73d-3deaec98df39","method":"OPTIONS","path":"/api/users","statusCode":204,"responseTimeMs":0,"timestamp":"2026-08-28T14:25:47.300Z"}
{"level":"WARN","event":"request_completed","requestId":"68fc0af8-0ca9-4c02-854c-5d7c572f887e","method":"GET","path":"/api/users","statusCode":403,"responseTimeMs":2,"timestamp":"2026-08-28T14:25:47.304Z"}
{"level":"INFO","event":"request_completed","requestId":"8e75dad2-6ea8-40d4-8656-bf588f0ba2dd","method":"OPTIONS","path":"/api/audit-logs","statusCode":204,"responseTimeMs":1,"timestamp":"2026-08-28T14:25:47.328Z"}
{"level":"INFO","event":"request_completed","requestId":"be5c0d4b-1947-41d8-9d5e-8911db70fe2b","method":"GET","path":"/api/audit-logs","statusCode":200,"responseTimeMs":1,"timestamp":"2026-08-28T14:25:47.332Z"}
{"level":"INFO","event":"request_completed","requestId":"9b1c328d-3bf9-4c38-8800-8242261e135a","method":"OPTIONS","path":"/api/applications","statusCode":204,"responseTimeMs":0,"timestamp":"2026-08-28T14:25:47.330Z"}
{"level":"INFO","event":"request_completed","requestId":"afd7b949-89c1-44af-845c-7db841549dcc","method":"GET","path":"/api/applications","statusCode":304,"responseTimeMs":2,"timestamp":"2026-08-28T14:25:47.335Z"}
{"level":"INFO","event":"request_completed","requestId":"ccbd5ac9-e7c6-42ec-be2d-8062659d26b4","method":"OPTIONS","path":"/api/auth/login","statusCode":204,"responseTimeMs":1,"timestamp":"2026-08-28T14:27:02.694Z"}
{"level":"INFO","event":"request_completed","requestId":"d8277465-3c26-4b8e-b31d-f94b0d104dcc","method":"POST","path":"/api/auth/login","statusCode":201,"responseTimeMs":3,"timestamp":"2026-08-28T14:27:02.698Z"}
{"level":"INFO","event":"request_completed","requestId":"7079b15b-29dd-4e30-91e9-1dadd1ab08e6","method":"OPTIONS","path":"/api/applications","statusCode":204,"responseTimeMs":1,"timestamp":"2026-08-28T14:27:02.771Z"}
{"level":"INFO","event":"request_completed","requestId":"3aa477b2-9078-49d9-ae08-ca19138521b0","method":"GET","path":"/api/applications","statusCode":304,"responseTimeMs":1,"timestamp":"2026-08-28T14:27:02.773Z"}
{"level":"INFO","event":"request_completed","requestId":"bf8deec2-9903-45f5-aff3-9295518364e5","method":"OPTIONS","path":"/api/licenses","statusCode":204,"responseTimeMs":0,"timestamp":"2026-08-28T14:27:02.776Z"}
{"level":"INFO","event":"request_completed","requestId":"990df431-c0ce-4076-949a-38d048f36784","method":"GET","path":"/api/licenses","statusCode":304,"responseTimeMs":0,"timestamp":"2026-08-28T14:27:02.778Z"}
{"level":"INFO","event":"request_completed","requestId":"4b4d651b-cd19-498b-8f06-c3eb98022639","method":"OPTIONS","path":"/api/inspections","statusCode":204,"responseTimeMs":1,"timestamp":"2026-08-28T14:27:02.782Z"}
{"level":"INFO","event":"request_completed","requestId":"be2dde22-8732-4143-9cd9-fdcdbad3fb1f","method":"GET","path":"/api/inspections","statusCode":200,"responseTimeMs":1,"timestamp":"2026-08-28T14:27:02.784Z"}
{"level":"INFO","event":"request_completed","requestId":"709ffa8c-fc8e-498a-9cde-62daf7f022df","method":"OPTIONS","path":"/api/users","statusCode":204,"responseTimeMs":0,"timestamp":"2026-08-28T14:27:02.787Z"}
{"level":"WARN","event":"request_completed","requestId":"64e5b849-932c-4afa-a2ad-ab36f3d9f830","method":"GET","path":"/api/users","statusCode":403,"responseTimeMs":1,"timestamp":"2026-08-28T14:27:02.790Z"}
{"level":"INFO","event":"request_completed","requestId":"2f89eac6-e356-4bb3-a778-846e90b800d8","method":"OPTIONS","path":"/api/applications","statusCode":204,"responseTimeMs":0,"timestamp":"2026-08-28T14:27:08.131Z"}
{"level":"INFO","event":"request_completed","requestId":"4959d030-f016-40b5-9b07-660a397ed77e","method":"GET","path":"/api/applications","statusCode":304,"responseTimeMs":2,"timestamp":"2026-08-28T14:27:08.135Z"}
{"level":"INFO","event":"request_completed","requestId":"8138418e-b1cd-47b6-a23d-c936e7e0b7c8","method":"OPTIONS","path":"/api/licenses","statusCode":204,"responseTimeMs":0,"timestamp":"2026-08-28T14:27:08.140Z"}
{"level":"INFO","event":"request_completed","requestId":"a52aa53a-333a-4511-8a2c-d4897210da7c","method":"GET","path":"/api/licenses","statusCode":304,"responseTimeMs":1,"timestamp":"2026-08-28T14:27:08.144Z"}
{"level":"INFO","event":"request_completed","requestId":"89f3b18f-e0ce-4c6e-9792-3be064327d8a","method":"OPTIONS","path":"/api/inspections","statusCode":204,"responseTimeMs":1,"timestamp":"2026-08-28T14:27:08.149Z"}
{"level":"INFO","event":"request_completed","requestId":"83bd42eb-0eb8-4837-8cd9-7856d79374d0","method":"GET","path":"/api/inspections","statusCode":304,"responseTimeMs":1,"timestamp":"2026-08-28T14:27:08.152Z"}
{"level":"INFO","event":"request_completed","requestId":"02f0163c-bb7b-495c-9455-e89ff0385be5","method":"OPTIONS","path":"/api/users","statusCode":204,"responseTimeMs":0,"timestamp":"2026-08-28T14:27:08.156Z"}
{"level":"WARN","event":"request_completed","requestId":"47267432-fdfd-4b9a-8844-9b3a214791cf","method":"GET","path":"/api/users","statusCode":403,"responseTimeMs":1,"timestamp":"2026-08-28T14:27:08.159Z"}
{"level":"INFO","event":"request_completed","requestId":"b4c87b45-580f-42da-9d0c-14faea58326f","method":"OPTIONS","path":"/api/applications","statusCode":204,"responseTimeMs":1,"timestamp":"2026-08-28T14:27:09.783Z"}
{"level":"INFO","event":"request_completed","requestId":"76d70943-ae85-4272-9d08-6b96b4e6ca92","method":"GET","path":"/api/applications","statusCode":304,"responseTimeMs":1,"timestamp":"2026-08-28T14:27:09.786Z"}
{"level":"INFO","event":"request_completed","requestId":"397f7b1c-672e-406f-ae6a-89cbb23ddd1f","method":"OPTIONS","path":"/api/licenses","statusCode":204,"responseTimeMs":1,"timestamp":"2026-08-28T14:27:09.790Z"}
{"level":"INFO","event":"request_completed","requestId":"22f431b0-56b5-464c-99a3-b99dacfd222d","method":"GET","path":"/api/licenses","statusCode":304,"responseTimeMs":1,"timestamp":"2026-08-28T14:27:09.793Z"}
{"level":"INFO","event":"request_completed","requestId":"f13153d8-2435-450e-a5cb-b34546919877","method":"OPTIONS","path":"/api/inspections","statusCode":204,"responseTimeMs":0,"timestamp":"2026-08-28T14:27:09.796Z"}
{"level":"INFO","event":"request_completed","requestId":"d3f9ba88-4a93-4e4e-ae80-a773fe95780e","method":"GET","path":"/api/inspections","statusCode":304,"responseTimeMs":0,"timestamp":"2026-08-28T14:27:09.798Z"}
{"level":"INFO","event":"request_completed","requestId":"e70c6f23-8c60-453a-9568-67f19d39d8c1","method":"OPTIONS","path":"/api/users","statusCode":204,"responseTimeMs":0,"timestamp":"2026-08-28T14:27:09.802Z"}
{"level":"WARN","event":"request_completed","requestId":"ff69f85c-214e-4d58-93c2-4672967c9a27","method":"GET","path":"/api/users","statusCode":403,"responseTimeMs":1,"timestamp":"2026-08-28T14:27:09.805Z"}
{"level":"INFO","event":"request_completed","requestId":"4877361a-e378-4ff8-84da-26ab0ba9cf15","method":"OPTIONS","path":"/api/applications/5","statusCode":204,"responseTimeMs":0,"timestamp":"2026-08-28T14:27:12.522Z"}
{"level":"INFO","event":"request_completed","requestId":"e2ee7f00-7580-4a50-9074-b4d7739793cf","method":"PATCH","path":"/api/applications/5","statusCode":200,"responseTimeMs":13,"timestamp":"2026-08-28T14:27:12.536Z"}
{"level":"INFO","event":"request_completed","requestId":"d7ee869f-4cde-4165-98a7-a3bd83a83003","method":"OPTIONS","path":"/api/applications","statusCode":204,"responseTimeMs":1,"timestamp":"2026-08-28T14:27:14.365Z"}
{"level":"INFO","event":"request_completed","requestId":"1e3c28d3-2aa1-4609-8c93-f601fb5d9eba","method":"GET","path":"/api/applications","statusCode":200,"responseTimeMs":2,"timestamp":"2026-08-28T14:27:14.369Z"}
{"level":"INFO","event":"request_completed","requestId":"2dc7a852-edc2-4d27-83af-704de15fbede","method":"OPTIONS","path":"/api/licenses","statusCode":204,"responseTimeMs":1,"timestamp":"2026-08-28T14:27:14.375Z"}
{"level":"INFO","event":"request_completed","requestId":"506c8742-1164-4c88-9d4c-c677b036b9e8","method":"GET","path":"/api/licenses","statusCode":304,"responseTimeMs":1,"timestamp":"2026-08-28T14:27:14.378Z"}
{"level":"INFO","event":"request_completed","requestId":"3fbd6c41-c2f3-44dc-b6f2-b1250e2167e6","method":"OPTIONS","path":"/api/inspections","statusCode":204,"responseTimeMs":1,"timestamp":"2026-08-28T14:27:14.382Z"}
{"level":"INFO","event":"request_completed","requestId":"fd2cdd2e-ef94-4dab-b718-1293038c46f4","method":"GET","path":"/api/inspections","statusCode":304,"responseTimeMs":0,"timestamp":"2026-08-28T14:27:14.384Z"}
{"level":"INFO","event":"request_completed","requestId":"4c2e02fc-d6b5-4e6b-8f85-b7fe3fbec2be","method":"OPTIONS","path":"/api/users","statusCode":204,"responseTimeMs":1,"timestamp":"2026-08-28T14:27:14.390Z"}
{"level":"WARN","event":"request_completed","requestId":"615ce99f-02ad-485c-b400-c0a64ae4a05a","method":"GET","path":"/api/users","statusCode":403,"responseTimeMs":2,"timestamp":"2026-08-28T14:27:14.394Z"}
{"level":"INFO","event":"request_completed","requestId":"514c1d01-a30c-433e-a161-2941fd659623","method":"OPTIONS","path":"/api/users/register","statusCode":204,"responseTimeMs":0,"timestamp":"2026-08-28T14:56:36.562Z"}
{"level":"INFO","event":"request_completed","requestId":"63c1f5eb-8a26-46ee-aff7-ffc8e4b89978","method":"POST","path":"/api/users/register","statusCode":201,"responseTimeMs":8,"timestamp":"2026-08-28T14:56:36.571Z"}
{"level":"INFO","event":"request_completed","requestId":"2dda5e2a-e951-4dbd-9cc2-891b098504ed","method":"OPTIONS","path":"/api/auth/login","statusCode":204,"responseTimeMs":0,"timestamp":"2026-08-28T14:56:57.919Z"}
{"level":"INFO","event":"request_completed","requestId":"05cd0289-c425-4820-a5ad-e5020ff4cdf3","method":"POST","path":"/api/auth/login","statusCode":201,"responseTimeMs":2,"timestamp":"2026-08-28T14:56:57.922Z"}
{"level":"INFO","event":"request_completed","requestId":"f68fc112-6f2a-4281-960c-e4351c7cd1cd","method":"OPTIONS","path":"/api/applications","statusCode":204,"responseTimeMs":1,"timestamp":"2026-08-28T14:56:57.981Z"}
{"level":"WARN","event":"request_completed","requestId":"be9b7c98-7494-4977-8d3f-f34e4cb4ec86","method":"GET","path":"/api/applications","statusCode":403,"responseTimeMs":1,"timestamp":"2026-08-28T14:56:57.983Z"}
{"level":"INFO","event":"request_completed","requestId":"661f05e9-1b1d-4997-b0df-3cad00ad2fc7","method":"OPTIONS","path":"/api/applications","statusCode":204,"responseTimeMs":0,"timestamp":"2026-08-28T14:56:59.246Z"}
{"level":"WARN","event":"request_completed","requestId":"d7d1c045-a7af-441f-9bc4-327dd2ff2ec6","method":"GET","path":"/api/applications","statusCode":403,"responseTimeMs":1,"timestamp":"2026-08-28T14:56:59.249Z"}
{"level":"INFO","event":"request_completed","requestId":"1cd266be-4e33-46db-acb4-4a1ad9a57f19","method":"OPTIONS","path":"/api/applications","statusCode":204,"responseTimeMs":0,"timestamp":"2026-08-28T14:57:56.526Z"}
{"level":"WARN","event":"request_completed","requestId":"2e8c929c-7794-4e12-8a20-a3c187640b90","method":"GET","path":"/api/applications","statusCode":403,"responseTimeMs":1,"timestamp":"2026-08-28T14:57:56.528Z"}
{"level":"INFO","event":"request_completed","requestId":"81dd0680-46a5-41d2-a90c-d2f700a86349","method":"OPTIONS","path":"/api/applications","statusCode":204,"responseTimeMs":0,"timestamp":"2026-08-28T14:58:15.864Z"}
{"level":"INFO","event":"request_completed","requestId":"657cc9df-1605-4a50-b473-9f958c22c4f7","method":"POST","path":"/api/applications","statusCode":201,"responseTimeMs":8,"timestamp":"2026-08-28T14:58:15.873Z"}
{"level":"INFO","event":"request_completed","requestId":"77c5eb18-dc7c-4279-bb50-e985f7376e53","method":"OPTIONS","path":"/api/documents","statusCode":204,"responseTimeMs":0,"timestamp":"2026-08-28T14:58:15.876Z"}
{"level":"INFO","event":"request_completed","requestId":"3fceb82d-f7de-46ff-a15a-23bef973a1bd","method":"OPTIONS","path":"/api/documents","statusCode":204,"responseTimeMs":0,"timestamp":"2026-08-28T14:58:15.878Z"}
{"level":"INFO","event":"request_completed","requestId":"cf800674-54da-42bb-a209-24f8e177a464","method":"OPTIONS","path":"/api/documents","statusCode":204,"responseTimeMs":0,"timestamp":"2026-08-28T14:58:15.879Z"}
{"level":"INFO","event":"request_completed","requestId":"056172ff-3310-446a-9acd-8531ac56e778","method":"POST","path":"/api/documents","statusCode":201,"responseTimeMs":14,"timestamp":"2026-08-28T14:58:15.894Z"}
{"level":"INFO","event":"request_completed","requestId":"bc2201de-96e6-4e5e-ac14-5cf9ef268088","method":"POST","path":"/api/documents","statusCode":201,"responseTimeMs":14,"timestamp":"2026-08-28T14:58:15.896Z"}
{"level":"INFO","event":"request_completed","requestId":"47a9c5df-7fd6-42a4-aacd-9c8c26a93cec","method":"POST","path":"/api/documents","statusCode":201,"responseTimeMs":15,"timestamp":"2026-08-28T14:58:15.900Z"}
{"level":"INFO","event":"request_completed","requestId":"0b2dd2ff-2e5e-41e7-9a1f-c782d1b26759","method":"OPTIONS","path":"/api/applications","statusCode":204,"responseTimeMs":0,"timestamp":"2026-08-28T14:58:15.960Z"}
{"level":"WARN","event":"request_completed","requestId":"1159a9be-3516-4c70-86a9-c4448711068d","method":"GET","path":"/api/applications","statusCode":403,"responseTimeMs":1,"timestamp":"2026-08-28T14:58:15.963Z"}
{"level":"INFO","event":"request_completed","requestId":"98896e8b-96a8-41e4-9262-0b0382de0696","method":"OPTIONS","path":"/api/applications","statusCode":204,"responseTimeMs":0,"timestamp":"2026-08-28T14:58:19.539Z"}
{"level":"WARN","event":"request_completed","requestId":"d6fc95f0-7ad0-4a27-a8d0-c9f1cac83710","method":"GET","path":"/api/applications","statusCode":403,"responseTimeMs":1,"timestamp":"2026-08-28T14:58:19.541Z"}
{"level":"INFO","event":"request_completed","requestId":"45d776a5-2b3b-42ed-9a60-57c1b0b3ad1a","method":"OPTIONS","path":"/api/applications","statusCode":204,"responseTimeMs":0,"timestamp":"2026-08-28T14:58:21.597Z"}
{"level":"WARN","event":"request_completed","requestId":"6b4b0f35-a4e6-4dc9-a583-f18af4fa577e","method":"GET","path":"/api/applications","statusCode":403,"responseTimeMs":1,"timestamp":"2026-08-28T14:58:21.599Z"}
{"level":"INFO","event":"request_completed","requestId":"1e4bf93f-24f3-40ab-99a6-1523194bcd2f","method":"OPTIONS","path":"/api/payments","statusCode":204,"responseTimeMs":0,"timestamp":"2026-08-28T14:58:25.733Z"}
{"level":"INFO","event":"request_completed","requestId":"880a2f42-c27e-4162-a18b-8c8c1f39a865","method":"POST","path":"/api/payments","statusCode":201,"responseTimeMs":16,"timestamp":"2026-08-28T14:58:25.750Z"}
{"level":"INFO","event":"request_completed","requestId":"3396ca92-967c-45e5-933b-ed5632a33628","method":"OPTIONS","path":"/api/applications","statusCode":204,"responseTimeMs":0,"timestamp":"2026-08-28T14:58:25.797Z"}
{"level":"WARN","event":"request_completed","requestId":"c8c024a9-d016-4103-90a0-a39999a3da20","method":"GET","path":"/api/applications","statusCode":403,"responseTimeMs":1,"timestamp":"2026-08-28T14:58:25.799Z"}
{"level":"INFO","event":"request_completed","requestId":"9a5c9abf-aa8f-48cb-ac1d-2905471410c9","method":"OPTIONS","path":"/api/applications/mine","statusCode":204,"responseTimeMs":0,"timestamp":"2026-08-28T14:58:28.152Z"}
{"level":"INFO","event":"request_completed","requestId":"06787a45-3554-42d3-bd45-40d8ee90576f","method":"GET","path":"/api/applications/mine","statusCode":200,"responseTimeMs":1,"timestamp":"2026-08-28T14:58:28.155Z"}
{"level":"INFO","event":"request_completed","requestId":"33f0e93a-b274-478a-9513-844c81eeafc4","method":"OPTIONS","path":"/api/auth/login","statusCode":204,"responseTimeMs":0,"timestamp":"2026-08-28T14:59:02.620Z"}
{"level":"INFO","event":"request_completed","requestId":"45523814-9f42-4cb3-8529-ba461e349914","method":"POST","path":"/api/auth/login","statusCode":201,"responseTimeMs":1,"timestamp":"2026-08-28T14:59:02.623Z"}
{"level":"INFO","event":"request_completed","requestId":"ba17759a-29cf-487d-b808-736ceceb64b3","method":"OPTIONS","path":"/api/applications","statusCode":204,"responseTimeMs":1,"timestamp":"2026-08-28T14:59:02.697Z"}
{"level":"INFO","event":"request_completed","requestId":"c4789680-078a-4c03-9f7a-e34a7a125258","method":"GET","path":"/api/applications","statusCode":200,"responseTimeMs":1,"timestamp":"2026-08-28T14:59:02.699Z"}
{"level":"INFO","event":"request_completed","requestId":"53863a48-5124-46a4-a9f8-efc9012fab1d","method":"OPTIONS","path":"/api/licenses","statusCode":204,"responseTimeMs":1,"timestamp":"2026-08-28T14:59:02.702Z"}
{"level":"INFO","event":"request_completed","requestId":"daefdaf1-45d9-435e-bd0a-d668762219c8","method":"GET","path":"/api/licenses","statusCode":304,"responseTimeMs":0,"timestamp":"2026-08-28T14:59:02.703Z"}
{"level":"INFO","event":"request_completed","requestId":"7980ef2f-5706-405c-889b-8968e9077110","method":"OPTIONS","path":"/api/inspections","statusCode":204,"responseTimeMs":0,"timestamp":"2026-08-28T14:59:02.706Z"}
{"level":"WARN","event":"request_completed","requestId":"083d56f7-a522-4c22-9d13-81f7cf7e296e","method":"GET","path":"/api/inspections","statusCode":403,"responseTimeMs":1,"timestamp":"2026-08-28T14:59:02.708Z"}
{"level":"INFO","event":"request_completed","requestId":"0c530e55-1cd1-40cb-b19c-ee7bf7caa965","method":"OPTIONS","path":"/api/users","statusCode":204,"responseTimeMs":0,"timestamp":"2026-08-28T14:59:02.710Z"}
{"level":"WARN","event":"request_completed","requestId":"23836595-e8ac-4f0b-a7b6-a0356827b371","method":"GET","path":"/api/users","statusCode":403,"responseTimeMs":0,"timestamp":"2026-08-28T14:59:02.712Z"}
{"level":"INFO","event":"request_completed","requestId":"7bf23e81-c3b5-4b5c-ab75-a8fa040b38f5","method":"OPTIONS","path":"/api/audit-logs","statusCode":204,"responseTimeMs":0,"timestamp":"2026-08-28T14:59:02.739Z"}
{"level":"INFO","event":"request_completed","requestId":"afcc9573-f01f-4776-8774-8681db982fc1","method":"OPTIONS","path":"/api/applications","statusCode":204,"responseTimeMs":0,"timestamp":"2026-08-28T14:59:02.740Z"}
{"level":"INFO","event":"request_completed","requestId":"aff74404-da3b-4fde-a78e-f7240e72990a","method":"GET","path":"/api/audit-logs","statusCode":200,"responseTimeMs":0,"timestamp":"2026-08-28T14:59:02.741Z"}
{"level":"INFO","event":"request_completed","requestId":"4e0ad571-f6c1-4f66-969e-267003d9caf0","method":"GET","path":"/api/applications","statusCode":304,"responseTimeMs":1,"timestamp":"2026-08-28T14:59:02.743Z"}
{"level":"INFO","event":"request_completed","requestId":"884f3464-e6c0-4db9-9183-3ba732502f55","method":"OPTIONS","path":"/api/auth/login","statusCode":204,"responseTimeMs":1,"timestamp":"2026-08-28T15:04:23.401Z"}
{"level":"INFO","event":"request_completed","requestId":"ce0151e8-3112-479b-b14d-470bfc9c0d03","method":"POST","path":"/api/auth/login","statusCode":201,"responseTimeMs":1,"timestamp":"2026-08-28T15:04:23.403Z"}
{"level":"INFO","event":"request_completed","requestId":"5a521919-87f2-421c-a42c-258f375dc3c8","method":"OPTIONS","path":"/api/applications","statusCode":204,"responseTimeMs":1,"timestamp":"2026-08-28T15:04:23.469Z"}
{"level":"INFO","event":"request_completed","requestId":"8813e4c2-6e94-4b32-b495-4dfca2bf6e74","method":"GET","path":"/api/applications","statusCode":304,"responseTimeMs":1,"timestamp":"2026-08-28T15:04:23.472Z"}
{"level":"INFO","event":"request_completed","requestId":"369df425-8178-442c-ab4f-6f3453d37040","method":"OPTIONS","path":"/api/licenses","statusCode":204,"responseTimeMs":1,"timestamp":"2026-08-28T15:04:23.476Z"}
{"level":"INFO","event":"request_completed","requestId":"e055820a-d12a-43d1-86a8-2d92439e7a89","method":"GET","path":"/api/licenses","statusCode":304,"responseTimeMs":0,"timestamp":"2026-08-28T15:04:23.477Z"}
{"level":"INFO","event":"request_completed","requestId":"db42e5cc-8b1f-4948-85af-585831ce96cd","method":"OPTIONS","path":"/api/inspections","statusCode":204,"responseTimeMs":0,"timestamp":"2026-08-28T15:04:23.480Z"}
{"level":"INFO","event":"request_completed","requestId":"b51264dc-06f8-4eb3-9a7f-1aaf013efbb3","method":"GET","path":"/api/inspections","statusCode":200,"responseTimeMs":0,"timestamp":"2026-08-28T15:04:23.482Z"}
{"level":"INFO","event":"request_completed","requestId":"7b703ea9-60dc-48fb-b4d4-da3e8b5bb634","method":"OPTIONS","path":"/api/users","statusCode":204,"responseTimeMs":0,"timestamp":"2026-08-28T15:04:23.485Z"}
{"level":"WARN","event":"request_completed","requestId":"4055d39b-9e54-4d83-8ab5-e530e29255eb","method":"GET","path":"/api/users","statusCode":403,"responseTimeMs":1,"timestamp":"2026-08-28T15:04:23.487Z"}
{"level":"INFO","event":"request_completed","requestId":"addf7e0e-2e39-4657-989c-7bf94b8ec5d6","method":"OPTIONS","path":"/api/applications","statusCode":204,"responseTimeMs":0,"timestamp":"2026-08-28T15:04:26.672Z"}
{"level":"INFO","event":"request_completed","requestId":"e5e9e7f9-2209-4bdd-8084-66c454a97891","method":"GET","path":"/api/applications","statusCode":304,"responseTimeMs":1,"timestamp":"2026-08-28T15:04:26.674Z"}
{"level":"INFO","event":"request_completed","requestId":"bf98476c-4835-4316-b627-dcf322d84c58","method":"OPTIONS","path":"/api/licenses","statusCode":204,"responseTimeMs":0,"timestamp":"2026-08-28T15:04:26.677Z"}
{"level":"INFO","event":"request_completed","requestId":"c83eaf81-223f-470f-8d07-f7392cfb9f10","method":"GET","path":"/api/licenses","statusCode":304,"responseTimeMs":0,"timestamp":"2026-08-28T15:04:26.678Z"}
{"level":"INFO","event":"request_completed","requestId":"7ed5ab64-a164-41f1-b340-6704f58784b2","method":"OPTIONS","path":"/api/inspections","statusCode":204,"responseTimeMs":0,"timestamp":"2026-08-28T15:04:26.680Z"}
{"level":"INFO","event":"request_completed","requestId":"0f967f16-0c9d-44a4-ae07-c9e8d394ed9a","method":"GET","path":"/api/inspections","statusCode":304,"responseTimeMs":1,"timestamp":"2026-08-28T15:04:26.682Z"}
{"level":"INFO","event":"request_completed","requestId":"e32ee3fb-bcfd-46fa-b6e0-15ee5fd82d23","method":"OPTIONS","path":"/api/users","statusCode":204,"responseTimeMs":1,"timestamp":"2026-08-28T15:04:26.685Z"}
{"level":"WARN","event":"request_completed","requestId":"aeb4a050-46c9-40ce-b26e-fcd50a1ca082","method":"GET","path":"/api/users","statusCode":403,"responseTimeMs":1,"timestamp":"2026-08-28T15:04:26.687Z"}
{"level":"INFO","event":"request_completed","requestId":"747c6f7b-fac8-4976-bbe2-8f441540665a","method":"OPTIONS","path":"/api/applications","statusCode":204,"responseTimeMs":0,"timestamp":"2026-08-28T15:04:28.257Z"}
{"level":"INFO","event":"request_completed","requestId":"3429e186-2caa-48a7-986a-08cb738d6a37","method":"GET","path":"/api/applications","statusCode":304,"responseTimeMs":1,"timestamp":"2026-08-28T15:04:28.259Z"}
{"level":"INFO","event":"request_completed","requestId":"e4478071-f886-4450-b6f7-887c0805dd50","method":"OPTIONS","path":"/api/licenses","statusCode":204,"responseTimeMs":0,"timestamp":"2026-08-28T15:04:28.262Z"}
{"level":"INFO","event":"request_completed","requestId":"03d01be6-b1a5-469e-b2a4-b7430ebf3659","method":"GET","path":"/api/licenses","statusCode":304,"responseTimeMs":0,"timestamp":"2026-08-28T15:04:28.263Z"}
{"level":"INFO","event":"request_completed","requestId":"5bfec12e-036c-4fc5-b03f-96836a4a182e","method":"OPTIONS","path":"/api/inspections","statusCode":204,"responseTimeMs":0,"timestamp":"2026-08-28T15:04:28.266Z"}
{"level":"INFO","event":"request_completed","requestId":"ab21d0a2-accf-4148-ae89-f057083d8f58","method":"GET","path":"/api/inspections","statusCode":304,"responseTimeMs":0,"timestamp":"2026-08-28T15:04:28.267Z"}
{"level":"INFO","event":"request_completed","requestId":"7dd38715-0b14-4910-81ce-26219a58da84","method":"OPTIONS","path":"/api/users","statusCode":204,"responseTimeMs":0,"timestamp":"2026-08-28T15:04:28.270Z"}
{"level":"WARN","event":"request_completed","requestId":"e0e2dbac-eda3-4d41-b589-c933212a59fa","method":"GET","path":"/api/users","statusCode":403,"responseTimeMs":2,"timestamp":"2026-08-28T15:04:28.273Z"}
{"level":"INFO","event":"request_completed","requestId":"16144e83-de0c-4f2c-a458-7628fc6a8124","method":"OPTIONS","path":"/api/applications/6","statusCode":204,"responseTimeMs":0,"timestamp":"2026-08-28T15:04:30.386Z"}
{"level":"INFO","event":"request_completed","requestId":"27b6fed5-d42f-4f0d-8b15-d2c46afbd43c","method":"PATCH","path":"/api/applications/6","statusCode":200,"responseTimeMs":9,"timestamp":"2026-08-28T15:04:30.396Z"}
{"level":"INFO","event":"request_completed","requestId":"b582916c-57a9-4dce-b11e-fa28016c4f60","method":"OPTIONS","path":"/api/applications","statusCode":204,"responseTimeMs":0,"timestamp":"2026-08-28T15:04:32.632Z"}
{"level":"INFO","event":"request_completed","requestId":"6a28a631-1265-4c7d-b848-fad330fdb957","method":"GET","path":"/api/applications","statusCode":200,"responseTimeMs":0,"timestamp":"2026-08-28T15:04:32.634Z"}
{"level":"INFO","event":"request_completed","requestId":"278e5165-019b-4074-bd2b-82a458f35654","method":"OPTIONS","path":"/api/licenses","statusCode":204,"responseTimeMs":0,"timestamp":"2026-08-28T15:04:32.637Z"}
{"level":"INFO","event":"request_completed","requestId":"3cefa490-d03b-4c54-a089-d1a7d5a3a796","method":"GET","path":"/api/licenses","statusCode":304,"responseTimeMs":1,"timestamp":"2026-08-28T15:04:32.639Z"}
{"level":"INFO","event":"request_completed","requestId":"11f2cd78-a0d5-4be5-8c6d-98fd1c51d7ae","method":"OPTIONS","path":"/api/inspections","statusCode":204,"responseTimeMs":0,"timestamp":"2026-08-28T15:04:32.642Z"}
{"level":"INFO","event":"request_completed","requestId":"b4bd905f-1b7c-4b20-8fa4-88ef6c7b5a97","method":"GET","path":"/api/inspections","statusCode":304,"responseTimeMs":1,"timestamp":"2026-08-28T15:04:32.644Z"}
{"level":"INFO","event":"request_completed","requestId":"cd6cec6c-8187-4e75-958a-33dd102b10a2","method":"OPTIONS","path":"/api/users","statusCode":204,"responseTimeMs":0,"timestamp":"2026-08-28T15:04:32.646Z"}
{"level":"WARN","event":"request_completed","requestId":"bc155338-6a2b-40d1-8ee1-3914c8dee21e","method":"GET","path":"/api/users","statusCode":403,"responseTimeMs":1,"timestamp":"2026-08-28T15:04:32.648Z"}
{"level":"INFO","event":"request_completed","requestId":"9d8327cf-ea34-49b5-899e-3d551a04296f","method":"OPTIONS","path":"/api/applications","statusCode":204,"responseTimeMs":0,"timestamp":"2026-08-28T15:04:47.282Z"}
{"level":"INFO","event":"request_completed","requestId":"9b615f1a-4dd8-443d-9fa4-48ea83d22377","method":"GET","path":"/api/applications","statusCode":304,"responseTimeMs":1,"timestamp":"2026-08-28T15:04:47.285Z"}
{"level":"INFO","event":"request_completed","requestId":"351795c4-abce-4bbc-9ba1-e9f1ef9e8d50","method":"OPTIONS","path":"/api/licenses","statusCode":204,"responseTimeMs":0,"timestamp":"2026-08-28T15:04:47.287Z"}
{"level":"INFO","event":"request_completed","requestId":"713f16b2-954e-4273-a3de-34ed0ca894d3","method":"GET","path":"/api/licenses","statusCode":304,"responseTimeMs":1,"timestamp":"2026-08-28T15:04:47.289Z"}
{"level":"INFO","event":"request_completed","requestId":"63bb75a8-3d23-484e-a56a-066388e2a134","method":"OPTIONS","path":"/api/inspections","statusCode":204,"responseTimeMs":1,"timestamp":"2026-08-28T15:04:47.291Z"}
{"level":"INFO","event":"request_completed","requestId":"e6d44efa-73d5-447f-9486-b39ac75291aa","method":"GET","path":"/api/inspections","statusCode":304,"responseTimeMs":1,"timestamp":"2026-08-28T15:04:47.293Z"}
{"level":"INFO","event":"request_completed","requestId":"81a47f4b-d4e8-4b8b-8b95-ee2cbd413989","method":"OPTIONS","path":"/api/users","statusCode":204,"responseTimeMs":1,"timestamp":"2026-08-28T15:04:47.296Z"}
{"level":"WARN","event":"request_completed","requestId":"04747b56-29e6-46d6-ba41-d8952178edbc","method":"GET","path":"/api/users","statusCode":403,"responseTimeMs":1,"timestamp":"2026-08-28T15:04:47.298Z"}
{"level":"INFO","event":"request_completed","requestId":"8d1cfa2c-b6c9-4a83-b168-7be555fa5f1c","method":"OPTIONS","path":"/api/applications","statusCode":204,"responseTimeMs":1,"timestamp":"2026-08-28T15:04:50.737Z"}
{"level":"INFO","event":"request_completed","requestId":"2a9ffe7a-730a-4af7-af95-188dc4bae519","method":"GET","path":"/api/applications","statusCode":304,"responseTimeMs":1,"timestamp":"2026-08-28T15:04:50.739Z"}
{"level":"INFO","event":"request_completed","requestId":"c29381cf-65a8-4b97-8b68-c938e0af926d","method":"OPTIONS","path":"/api/licenses","statusCode":204,"responseTimeMs":1,"timestamp":"2026-08-28T15:04:50.742Z"}
{"level":"INFO","event":"request_completed","requestId":"b5672eb6-31f7-4326-8f31-3d0f9b05c055","method":"GET","path":"/api/licenses","statusCode":304,"responseTimeMs":0,"timestamp":"2026-08-28T15:04:50.743Z"}
{"level":"INFO","event":"request_completed","requestId":"320da278-392b-4e77-8a9a-1df10629901d","method":"OPTIONS","path":"/api/inspections","statusCode":204,"responseTimeMs":1,"timestamp":"2026-08-28T15:04:50.746Z"}
{"level":"INFO","event":"request_completed","requestId":"ecd22d2e-a863-4e1c-b089-482aa4750d63","method":"GET","path":"/api/inspections","statusCode":304,"responseTimeMs":1,"timestamp":"2026-08-28T15:04:50.747Z"}
{"level":"INFO","event":"request_completed","requestId":"e5b150aa-4d9a-425c-8dc0-148859e2d6b0","method":"OPTIONS","path":"/api/users","statusCode":204,"responseTimeMs":0,"timestamp":"2026-08-28T15:04:50.750Z"}
{"level":"WARN","event":"request_completed","requestId":"640ee9be-cb7d-4c5e-a527-bdba20f7484d","method":"GET","path":"/api/users","statusCode":403,"responseTimeMs":1,"timestamp":"2026-08-28T15:04:50.752Z"}
{"level":"INFO","event":"request_completed","requestId":"07e3f11f-4ede-4015-a176-81f65976d232","method":"OPTIONS","path":"/api/applications","statusCode":204,"responseTimeMs":1,"timestamp":"2026-08-28T15:05:12.920Z"}
{"level":"INFO","event":"request_completed","requestId":"4cd81c8b-eaf1-426f-aeff-ee382d2394cd","method":"GET","path":"/api/applications","statusCode":304,"responseTimeMs":0,"timestamp":"2026-08-28T15:05:12.921Z"}
{"level":"INFO","event":"request_completed","requestId":"863ddb81-ede6-4a17-a730-ef316b98521c","method":"OPTIONS","path":"/api/licenses","statusCode":204,"responseTimeMs":0,"timestamp":"2026-08-28T15:05:12.924Z"}
{"level":"INFO","event":"request_completed","requestId":"20246400-31c6-44ba-a9c6-fd275fac8243","method":"GET","path":"/api/licenses","statusCode":304,"responseTimeMs":0,"timestamp":"2026-08-28T15:05:12.925Z"}
{"level":"INFO","event":"request_completed","requestId":"cfe5a5f0-8a4f-4d78-a220-dd3bd19bdbbe","method":"OPTIONS","path":"/api/inspections","statusCode":204,"responseTimeMs":1,"timestamp":"2026-08-28T15:05:12.930Z"}
{"level":"INFO","event":"request_completed","requestId":"0bedfe00-8c1e-45ee-bb28-4836902d78da","method":"GET","path":"/api/inspections","statusCode":304,"responseTimeMs":1,"timestamp":"2026-08-28T15:05:12.932Z"}
{"level":"INFO","event":"request_completed","requestId":"693edf23-a859-42cb-8ced-aaa22b714bc0","method":"OPTIONS","path":"/api/users","statusCode":204,"responseTimeMs":0,"timestamp":"2026-08-28T15:05:12.934Z"}
{"level":"WARN","event":"request_completed","requestId":"a39c9330-ab0c-4446-8611-62c8f2be6814","method":"GET","path":"/api/users","statusCode":403,"responseTimeMs":1,"timestamp":"2026-08-28T15:05:12.936Z"}
{"level":"INFO","event":"request_completed","requestId":"d47a7ed5-e036-40c4-9f97-048e923fc4e0","method":"OPTIONS","path":"/api/applications","statusCode":204,"responseTimeMs":0,"timestamp":"2026-08-28T15:05:16.165Z"}
{"level":"INFO","event":"request_completed","requestId":"fa6bf39c-a6b2-4c8d-851e-9279dc54426a","method":"GET","path":"/api/applications","statusCode":304,"responseTimeMs":1,"timestamp":"2026-08-28T15:05:16.167Z"}
{"level":"INFO","event":"request_completed","requestId":"49f4fd87-8d28-4f3a-9644-320416849f5c","method":"OPTIONS","path":"/api/licenses","statusCode":204,"responseTimeMs":0,"timestamp":"2026-08-28T15:05:16.169Z"}
{"level":"INFO","event":"request_completed","requestId":"36ac5c74-e7a6-4cc7-9ef3-cb99049d6bcf","method":"GET","path":"/api/licenses","statusCode":304,"responseTimeMs":1,"timestamp":"2026-08-28T15:05:16.171Z"}
{"level":"INFO","event":"request_completed","requestId":"56b179e5-22ce-4c5f-9bce-02661152a05f","method":"OPTIONS","path":"/api/inspections","statusCode":204,"responseTimeMs":0,"timestamp":"2026-08-28T15:05:16.173Z"}
{"level":"INFO","event":"request_completed","requestId":"658229b6-4371-43ee-aa78-b103ddc11b21","method":"GET","path":"/api/inspections","statusCode":304,"responseTimeMs":1,"timestamp":"2026-08-28T15:05:16.175Z"}
{"level":"INFO","event":"request_completed","requestId":"ea194eae-86f6-4477-a626-5a05e0fb98f0","method":"OPTIONS","path":"/api/users","statusCode":204,"responseTimeMs":1,"timestamp":"2026-08-28T15:05:16.177Z"}
{"level":"WARN","event":"request_completed","requestId":"d4dd47d6-1fd0-4552-b8bd-5932e0f8053a","method":"GET","path":"/api/users","statusCode":403,"responseTimeMs":1,"timestamp":"2026-08-28T15:05:16.179Z"}
{"level":"INFO","event":"request_completed","requestId":"f8e2e090-6b74-4365-bd62-054abfb548cc","method":"OPTIONS","path":"/api/auth/login","statusCode":204,"responseTimeMs":0,"timestamp":"2026-08-28T15:05:41.295Z"}
{"level":"INFO","event":"request_completed","requestId":"86fd2e52-9ad4-4e38-8aed-a6d8db648628","method":"POST","path":"/api/auth/login","statusCode":201,"responseTimeMs":1,"timestamp":"2026-08-28T15:05:41.297Z"}
{"level":"INFO","event":"request_completed","requestId":"8015d2cf-4f70-4ffd-821b-e4d78d3f00a0","method":"OPTIONS","path":"/api/applications","statusCode":204,"responseTimeMs":1,"timestamp":"2026-08-28T15:05:41.351Z"}
{"level":"INFO","event":"request_completed","requestId":"dc5d7910-06e6-49ff-a01c-948973b94cf5","method":"GET","path":"/api/applications","statusCode":304,"responseTimeMs":1,"timestamp":"2026-08-28T15:05:41.353Z"}
{"level":"INFO","event":"request_completed","requestId":"0dd4af86-ef7f-4d74-b9d0-547901c9b492","method":"OPTIONS","path":"/api/licenses","statusCode":204,"responseTimeMs":1,"timestamp":"2026-08-28T15:05:41.356Z"}
{"level":"INFO","event":"request_completed","requestId":"79aedf48-2b08-41bc-9830-a87a3f184909","method":"GET","path":"/api/licenses","statusCode":304,"responseTimeMs":1,"timestamp":"2026-08-28T15:05:41.358Z"}
{"level":"INFO","event":"request_completed","requestId":"f55db8c6-a88d-4fb7-b514-6727818e6c69","method":"OPTIONS","path":"/api/inspections","statusCode":204,"responseTimeMs":0,"timestamp":"2026-08-28T15:05:41.361Z"}
{"level":"INFO","event":"request_completed","requestId":"d4ef5296-1565-4a3f-ab47-ca143426f068","method":"GET","path":"/api/inspections","statusCode":304,"responseTimeMs":1,"timestamp":"2026-08-28T15:05:41.363Z"}
{"level":"INFO","event":"request_completed","requestId":"96691e61-0be5-452f-905c-a7fc97b90e55","method":"OPTIONS","path":"/api/users","statusCode":204,"responseTimeMs":0,"timestamp":"2026-08-28T15:05:41.366Z"}
{"level":"INFO","event":"request_completed","requestId":"e7392301-d4c9-428f-b2af-1aa13ce97d1a","method":"GET","path":"/api/users","statusCode":200,"responseTimeMs":0,"timestamp":"2026-08-28T15:05:41.367Z"}
{"level":"INFO","event":"request_completed","requestId":"bc26a40e-8615-4a3e-81ef-146a36dc184d","method":"OPTIONS","path":"/api/applications","statusCode":204,"responseTimeMs":1,"timestamp":"2026-08-28T15:05:43.124Z"}
{"level":"INFO","event":"request_completed","requestId":"c257f1db-4915-4cbd-af08-99d98263da33","method":"GET","path":"/api/applications","statusCode":304,"responseTimeMs":0,"timestamp":"2026-08-28T15:05:43.125Z"}
{"level":"INFO","event":"request_completed","requestId":"d5012e7f-6de7-41dc-afc3-7beff73b529d","method":"OPTIONS","path":"/api/licenses","statusCode":204,"responseTimeMs":1,"timestamp":"2026-08-28T15:05:43.129Z"}
{"level":"INFO","event":"request_completed","requestId":"7f404299-ec2b-4ede-974e-33abbb04bc75","method":"GET","path":"/api/licenses","statusCode":304,"responseTimeMs":0,"timestamp":"2026-08-28T15:05:43.130Z"}
{"level":"INFO","event":"request_completed","requestId":"3c173c95-4149-4c8f-9fe3-5658a81c0670","method":"OPTIONS","path":"/api/inspections","statusCode":204,"responseTimeMs":1,"timestamp":"2026-08-28T15:05:43.133Z"}
{"level":"INFO","event":"request_completed","requestId":"218154d9-a98c-4133-a1d0-50bac6c09114","method":"GET","path":"/api/inspections","statusCode":304,"responseTimeMs":0,"timestamp":"2026-08-28T15:05:43.134Z"}
{"level":"INFO","event":"request_completed","requestId":"5235c312-0e8f-41c7-b91f-9436a395aad8","method":"OPTIONS","path":"/api/users","statusCode":204,"responseTimeMs":1,"timestamp":"2026-08-28T15:05:43.138Z"}
{"level":"INFO","event":"request_completed","requestId":"0496f52f-9234-42b3-813e-a10f43a1bdce","method":"GET","path":"/api/users","statusCode":304,"responseTimeMs":0,"timestamp":"2026-08-28T15:05:43.139Z"}
{"level":"INFO","event":"request_completed","requestId":"2a841e1b-4bde-411e-8876-462be83a9bc6","method":"OPTIONS","path":"/api/applications","statusCode":204,"responseTimeMs":0,"timestamp":"2026-08-28T15:05:48.461Z"}
{"level":"INFO","event":"request_completed","requestId":"8c91f7d1-08a0-4b58-a1f5-0b88024a030f","method":"GET","path":"/api/applications","statusCode":304,"responseTimeMs":1,"timestamp":"2026-08-28T15:05:48.463Z"}
{"level":"INFO","event":"request_completed","requestId":"28708c1d-50f7-4f6d-938f-e9fd6515871d","method":"OPTIONS","path":"/api/licenses","statusCode":204,"responseTimeMs":0,"timestamp":"2026-08-28T15:05:48.466Z"}
{"level":"INFO","event":"request_completed","requestId":"ab802252-fa85-4cab-8c23-8505b3335e3d","method":"GET","path":"/api/licenses","statusCode":304,"responseTimeMs":1,"timestamp":"2026-08-28T15:05:48.468Z"}
{"level":"INFO","event":"request_completed","requestId":"9a706d59-d2f4-43f4-b8e7-ce41b26eee3c","method":"OPTIONS","path":"/api/inspections","statusCode":204,"responseTimeMs":1,"timestamp":"2026-08-28T15:05:48.471Z"}
{"level":"INFO","event":"request_completed","requestId":"8fb0d01c-daaf-4576-9b1e-4513890f4b3d","method":"GET","path":"/api/inspections","statusCode":304,"responseTimeMs":0,"timestamp":"2026-08-28T15:05:48.472Z"}
{"level":"INFO","event":"request_completed","requestId":"517d1aef-1ed2-4336-86f3-496471349125","method":"OPTIONS","path":"/api/users","statusCode":204,"responseTimeMs":0,"timestamp":"2026-08-28T15:05:48.474Z"}
{"level":"INFO","event":"request_completed","requestId":"5b6fac5e-ff25-4738-a020-83a6c4f0e6f8","method":"GET","path":"/api/users","statusCode":304,"responseTimeMs":1,"timestamp":"2026-08-28T15:05:48.476Z"}
{"level":"INFO","event":"request_completed","requestId":"dcc6673f-a82f-4687-b667-72ab6407f111","method":"OPTIONS","path":"/api/applications","statusCode":204,"responseTimeMs":0,"timestamp":"2026-08-28T15:05:53.614Z"}
{"level":"INFO","event":"request_completed","requestId":"fb753bf1-27c1-4bf6-8450-334341cf1161","method":"GET","path":"/api/applications","statusCode":304,"responseTimeMs":1,"timestamp":"2026-08-28T15:05:53.616Z"}
{"level":"INFO","event":"request_completed","requestId":"8d5b38be-2818-431d-a220-53979fbd64a8","method":"OPTIONS","path":"/api/licenses","statusCode":204,"responseTimeMs":0,"timestamp":"2026-08-28T15:05:53.619Z"}
{"level":"INFO","event":"request_completed","requestId":"97a854f1-5507-4ce8-8f1c-852c81c40bc9","method":"GET","path":"/api/licenses","statusCode":304,"responseTimeMs":1,"timestamp":"2026-08-28T15:05:53.621Z"}
{"level":"INFO","event":"request_completed","requestId":"5f06a60a-49af-4425-b2bc-16e7cbfc9f72","method":"OPTIONS","path":"/api/inspections","statusCode":204,"responseTimeMs":0,"timestamp":"2026-08-28T15:05:53.623Z"}
{"level":"INFO","event":"request_completed","requestId":"394783c0-77a3-462e-aa02-02b678d1d4ce","method":"GET","path":"/api/inspections","statusCode":304,"responseTimeMs":1,"timestamp":"2026-08-28T15:05:53.625Z"}
{"level":"INFO","event":"request_completed","requestId":"86e2811d-c082-47d4-a136-74d911858587","method":"OPTIONS","path":"/api/users","statusCode":204,"responseTimeMs":1,"timestamp":"2026-08-28T15:05:53.628Z"}
{"level":"INFO","event":"request_completed","requestId":"36ab2465-7aa7-4ceb-a49b-39e2dc5bd120","method":"GET","path":"/api/users","statusCode":304,"responseTimeMs":0,"timestamp":"2026-08-28T15:05:53.629Z"}
{"level":"INFO","event":"request_completed","requestId":"801c5bcd-512d-43d0-88c3-37a2e73f0036","method":"OPTIONS","path":"/api/applications/6","statusCode":204,"responseTimeMs":0,"timestamp":"2026-08-28T15:05:56.564Z"}
{"level":"INFO","event":"request_completed","requestId":"2afcd01f-3f5d-45be-81a3-67091be63f3d","method":"PATCH","path":"/api/applications/6","statusCode":200,"responseTimeMs":7,"timestamp":"2026-08-28T15:05:56.572Z"}
{"level":"INFO","event":"request_completed","requestId":"304222c1-4970-4132-8d58-d6b04cf7b58c","method":"OPTIONS","path":"/api/applications","statusCode":204,"responseTimeMs":1,"timestamp":"2026-08-28T15:05:59.909Z"}
{"level":"INFO","event":"request_completed","requestId":"81b9ed43-437b-498c-bc6d-a8f923e24f68","method":"GET","path":"/api/applications","statusCode":304,"responseTimeMs":1,"timestamp":"2026-08-28T15:05:59.911Z"}
{"level":"INFO","event":"request_completed","requestId":"322ca326-ac02-4ce8-8d0d-ca9a545c279b","method":"OPTIONS","path":"/api/licenses","statusCode":204,"responseTimeMs":0,"timestamp":"2026-08-28T15:05:59.913Z"}
{"level":"INFO","event":"request_completed","requestId":"59de7099-ec43-467a-9937-203cd1ba1a43","method":"GET","path":"/api/licenses","statusCode":304,"responseTimeMs":1,"timestamp":"2026-08-28T15:05:59.915Z"}
{"level":"INFO","event":"request_completed","requestId":"ade03bd2-6c36-49bf-8971-1d5f9b5dc875","method":"OPTIONS","path":"/api/inspections","statusCode":204,"responseTimeMs":0,"timestamp":"2026-08-28T15:05:59.919Z"}
{"level":"INFO","event":"request_completed","requestId":"2b9c88a3-08cd-41e5-900b-207b856adb77","method":"GET","path":"/api/inspections","statusCode":304,"responseTimeMs":1,"timestamp":"2026-08-28T15:05:59.921Z"}
{"level":"INFO","event":"request_completed","requestId":"301b40ef-3000-4a46-a471-8cb3fbc19b77","method":"OPTIONS","path":"/api/users","statusCode":204,"responseTimeMs":0,"timestamp":"2026-08-28T15:05:59.924Z"}
{"level":"INFO","event":"request_completed","requestId":"8759f247-acf8-4af6-b60b-1c590ce356e7","method":"GET","path":"/api/users","statusCode":304,"responseTimeMs":1,"timestamp":"2026-08-28T15:05:59.926Z"}
{"level":"INFO","event":"request_completed","requestId":"9398c6fc-0e3f-4bdf-9f1b-35296490a144","method":"OPTIONS","path":"/api/applications","statusCode":204,"responseTimeMs":0,"timestamp":"2026-08-28T15:06:08.175Z"}
{"level":"INFO","event":"request_completed","requestId":"cfff3579-59d5-4ea1-b9ab-fa88831f543e","method":"GET","path":"/api/applications","statusCode":304,"responseTimeMs":1,"timestamp":"2026-08-28T15:06:08.178Z"}
{"level":"INFO","event":"request_completed","requestId":"6d4867a0-44be-434c-96cb-b4ca958eb1e3","method":"OPTIONS","path":"/api/licenses","statusCode":204,"responseTimeMs":1,"timestamp":"2026-08-28T15:06:08.181Z"}
{"level":"INFO","event":"request_completed","requestId":"b5da0cd9-fcd5-4df2-8fc8-fac6d72b3211","method":"GET","path":"/api/licenses","statusCode":304,"responseTimeMs":1,"timestamp":"2026-08-28T15:06:08.183Z"}
{"level":"INFO","event":"request_completed","requestId":"7b702324-f363-444b-8a22-1353cb305fc5","method":"OPTIONS","path":"/api/inspections","statusCode":204,"responseTimeMs":1,"timestamp":"2026-08-28T15:06:08.186Z"}
{"level":"INFO","event":"request_completed","requestId":"e93efe32-17ee-44cd-8c7b-8705238b42cb","method":"GET","path":"/api/inspections","statusCode":304,"responseTimeMs":0,"timestamp":"2026-08-28T15:06:08.187Z"}
{"level":"INFO","event":"request_completed","requestId":"f52afce1-aa6b-4b62-b4fb-651a1edf5556","method":"OPTIONS","path":"/api/users","statusCode":204,"responseTimeMs":1,"timestamp":"2026-08-28T15:06:08.191Z"}
{"level":"INFO","event":"request_completed","requestId":"5118cc30-e085-49a5-a246-a8f2e603f639","method":"GET","path":"/api/users","statusCode":304,"responseTimeMs":1,"timestamp":"2026-08-28T15:06:08.193Z"}
{"level":"INFO","event":"request_completed","requestId":"75e5f134-7a2f-4037-8582-9741fe9c2c77","method":"OPTIONS","path":"/api/applications","statusCode":204,"responseTimeMs":1,"timestamp":"2026-08-28T15:06:09.077Z"}
{"level":"INFO","event":"request_completed","requestId":"ff1bca72-c0f4-4487-83ab-159f8d216749","method":"GET","path":"/api/applications","statusCode":304,"responseTimeMs":1,"timestamp":"2026-08-28T15:06:09.079Z"}
{"level":"INFO","event":"request_completed","requestId":"a7b2b9de-dddf-41d7-beb1-40070440e511","method":"OPTIONS","path":"/api/licenses","statusCode":204,"responseTimeMs":1,"timestamp":"2026-08-28T15:06:09.082Z"}
{"level":"INFO","event":"request_completed","requestId":"78cc1530-d69f-48f7-a05e-cc8d834866c6","method":"GET","path":"/api/licenses","statusCode":304,"responseTimeMs":0,"timestamp":"2026-08-28T15:06:09.083Z"}
{"level":"INFO","event":"request_completed","requestId":"d25d7ad3-e3da-43ed-8863-447e46451dea","method":"OPTIONS","path":"/api/inspections","statusCode":204,"responseTimeMs":0,"timestamp":"2026-08-28T15:06:09.086Z"}
{"level":"INFO","event":"request_completed","requestId":"22c4a76d-4bed-4fad-a846-5a019ced8bc8","method":"GET","path":"/api/inspections","statusCode":304,"responseTimeMs":0,"timestamp":"2026-08-28T15:06:09.088Z"}
{"level":"INFO","event":"request_completed","requestId":"e68ebea0-7c9c-40e6-a1f5-18f34d0f682f","method":"OPTIONS","path":"/api/users","statusCode":204,"responseTimeMs":1,"timestamp":"2026-08-28T15:06:09.091Z"}
{"level":"INFO","event":"request_completed","requestId":"a6447699-e7c9-4c80-a024-2ccb8f597dfc","method":"GET","path":"/api/users","statusCode":304,"responseTimeMs":0,"timestamp":"2026-08-28T15:06:09.092Z"}
{"level":"INFO","event":"request_completed","requestId":"ea9d8d03-49a4-4228-84fc-9fcec3e5224e","method":"OPTIONS","path":"/api/applications","statusCode":204,"responseTimeMs":1,"timestamp":"2026-08-28T15:06:10.682Z"}
{"level":"INFO","event":"request_completed","requestId":"407b1d32-d033-4644-8987-1c4dba3a7042","method":"GET","path":"/api/applications","statusCode":304,"responseTimeMs":1,"timestamp":"2026-08-28T15:06:10.685Z"}
{"level":"INFO","event":"request_completed","requestId":"1eafe29b-3135-470e-8f0a-1412092d22a6","method":"OPTIONS","path":"/api/licenses","statusCode":204,"responseTimeMs":1,"timestamp":"2026-08-28T15:06:10.690Z"}
{"level":"INFO","event":"request_completed","requestId":"623d7878-ef9c-44e2-8095-f03d07b68703","method":"GET","path":"/api/licenses","statusCode":304,"responseTimeMs":0,"timestamp":"2026-08-28T15:06:10.692Z"}
{"level":"INFO","event":"request_completed","requestId":"77259220-0162-49c4-89d5-79d6cc23465b","method":"OPTIONS","path":"/api/inspections","statusCode":204,"responseTimeMs":0,"timestamp":"2026-08-28T15:06:10.696Z"}
{"level":"INFO","event":"request_completed","requestId":"18645f8a-b6db-478f-8464-405c6283f264","method":"GET","path":"/api/inspections","statusCode":304,"responseTimeMs":1,"timestamp":"2026-08-28T15:06:10.699Z"}
{"level":"INFO","event":"request_completed","requestId":"80d40dc1-84f3-471a-a45b-c48887d2a107","method":"OPTIONS","path":"/api/users","statusCode":204,"responseTimeMs":0,"timestamp":"2026-08-28T15:06:10.703Z"}
{"level":"INFO","event":"request_completed","requestId":"69bbf9f9-ada7-499c-a854-42c6092d44be","method":"GET","path":"/api/users","statusCode":304,"responseTimeMs":1,"timestamp":"2026-08-28T15:06:10.706Z"}
{"level":"INFO","event":"request_completed","requestId":"83af94fd-590b-461e-99fb-7605fc55cbae","method":"OPTIONS","path":"/api/auth/login","statusCode":204,"responseTimeMs":0,"timestamp":"2026-08-28T15:06:51.622Z"}
{"level":"INFO","event":"request_completed","requestId":"0fc03b0b-09c1-4596-b27e-b5c8702c767f","method":"POST","path":"/api/auth/login","statusCode":201,"responseTimeMs":1,"timestamp":"2026-08-28T15:06:51.624Z"}
{"level":"INFO","event":"request_completed","requestId":"7f01d60e-701c-4691-85b1-5eb2f9d53ae3","method":"OPTIONS","path":"/api/applications","statusCode":204,"responseTimeMs":0,"timestamp":"2026-08-28T15:06:51.694Z"}
{"level":"WARN","event":"request_completed","requestId":"121ae8d3-b077-49cf-b3c2-074e39a1a4ea","method":"GET","path":"/api/applications","statusCode":403,"responseTimeMs":1,"timestamp":"2026-08-28T15:06:51.696Z"}
{"level":"INFO","event":"request_completed","requestId":"e29d4367-2da1-41d6-9bd1-11415b05b146","method":"OPTIONS","path":"/api/auth/login","statusCode":204,"responseTimeMs":0,"timestamp":"2026-08-28T15:09:07.291Z"}
{"level":"INFO","event":"request_completed","requestId":"9b84bb99-ce5e-4270-a5d5-0bef4741201d","method":"POST","path":"/api/auth/login","statusCode":201,"responseTimeMs":1,"timestamp":"2026-08-28T15:09:07.293Z"}
{"level":"INFO","event":"request_completed","requestId":"4dad3b6c-6d94-48fe-9c5e-07abff529081","method":"OPTIONS","path":"/api/applications","statusCode":204,"responseTimeMs":1,"timestamp":"2026-08-28T15:09:07.350Z"}
{"level":"INFO","event":"request_completed","requestId":"244e8e52-4ce6-47ab-a48e-723131bfa610","method":"GET","path":"/api/applications","statusCode":200,"responseTimeMs":2,"timestamp":"2026-08-28T15:09:07.354Z"}
{"level":"INFO","event":"request_completed","requestId":"703f37dc-8d53-4401-8fae-4cfd004c33c4","method":"OPTIONS","path":"/api/licenses","statusCode":204,"responseTimeMs":0,"timestamp":"2026-08-28T15:09:07.356Z"}
{"level":"INFO","event":"request_completed","requestId":"993b33f9-7e98-4ea1-8a8f-443773e0a2bc","method":"GET","path":"/api/licenses","statusCode":304,"responseTimeMs":1,"timestamp":"2026-08-28T15:09:07.358Z"}
{"level":"INFO","event":"request_completed","requestId":"ba609ce5-0369-45a0-8e20-c45aa8ea3fde","method":"OPTIONS","path":"/api/inspections","statusCode":204,"responseTimeMs":1,"timestamp":"2026-08-28T15:09:07.361Z"}
{"level":"INFO","event":"request_completed","requestId":"da0b1221-b4c1-47f1-b4a5-b8708e185fc6","method":"GET","path":"/api/inspections","statusCode":304,"responseTimeMs":0,"timestamp":"2026-08-28T15:09:07.362Z"}
{"level":"INFO","event":"request_completed","requestId":"c79932d8-ba5a-409f-ae2c-5c9a21c979f7","method":"OPTIONS","path":"/api/users","statusCode":204,"responseTimeMs":1,"timestamp":"2026-08-28T15:09:07.365Z"}
{"level":"INFO","event":"request_completed","requestId":"424c0d25-8d73-4d83-bc9c-a18d0fc2a5ae","method":"GET","path":"/api/users","statusCode":304,"responseTimeMs":0,"timestamp":"2026-08-28T15:09:07.366Z"}
{"level":"INFO","event":"request_completed","requestId":"c3696227-d7ed-4248-a162-345f1c0f5354","method":"OPTIONS","path":"/api/applications","statusCode":204,"responseTimeMs":0,"timestamp":"2026-08-28T15:09:20.438Z"}
{"level":"INFO","event":"request_completed","requestId":"afa89801-b21f-453d-874d-50b5f04d81de","method":"GET","path":"/api/applications","statusCode":304,"responseTimeMs":1,"timestamp":"2026-08-28T15:09:20.440Z"}
{"level":"INFO","event":"request_completed","requestId":"50df7362-9c3b-4cca-9e18-efe9dc8c0a30","method":"OPTIONS","path":"/api/licenses","statusCode":204,"responseTimeMs":0,"timestamp":"2026-08-28T15:09:20.444Z"}
{"level":"INFO","event":"request_completed","requestId":"2a67ba2c-1f28-4d40-a1b0-b1e8621c2e0d","method":"GET","path":"/api/licenses","statusCode":304,"responseTimeMs":0,"timestamp":"2026-08-28T15:09:20.445Z"}
{"level":"INFO","event":"request_completed","requestId":"29b53f2d-8dfc-499b-bbf8-34e6ea31d087","method":"OPTIONS","path":"/api/inspections","statusCode":204,"responseTimeMs":1,"timestamp":"2026-08-28T15:09:20.449Z"}
{"level":"INFO","event":"request_completed","requestId":"53439954-388a-4a4c-93b5-ecb49bef4fd1","method":"GET","path":"/api/inspections","statusCode":304,"responseTimeMs":0,"timestamp":"2026-08-28T15:09:20.450Z"}
{"level":"INFO","event":"request_completed","requestId":"70e59bb4-f783-4500-84c7-96267fe26bc9","method":"OPTIONS","path":"/api/users","statusCode":204,"responseTimeMs":0,"timestamp":"2026-08-28T15:09:20.453Z"}
{"level":"INFO","event":"request_completed","requestId":"8b335bb2-7706-430b-91d1-c9ddafa27b36","method":"GET","path":"/api/users","statusCode":304,"responseTimeMs":0,"timestamp":"2026-08-28T15:09:20.455Z"}
{"level":"INFO","event":"request_completed","requestId":"339dc239-bbec-4fd8-a54c-897e28c7de09","method":"OPTIONS","path":"/api/applications","statusCode":204,"responseTimeMs":0,"timestamp":"2026-08-28T15:09:24.991Z"}
{"level":"INFO","event":"request_completed","requestId":"8fae5da9-131b-4794-aefe-b8c1d994ab30","method":"GET","path":"/api/applications","statusCode":304,"responseTimeMs":1,"timestamp":"2026-08-28T15:09:24.993Z"}
{"level":"INFO","event":"request_completed","requestId":"32f1d384-a458-47dd-8741-ed337fc2034e","method":"OPTIONS","path":"/api/licenses","statusCode":204,"responseTimeMs":1,"timestamp":"2026-08-28T15:09:24.996Z"}
{"level":"INFO","event":"request_completed","requestId":"df309457-a291-4143-bed8-e2d1ecce68a5","method":"GET","path":"/api/licenses","statusCode":304,"responseTimeMs":0,"timestamp":"2026-08-28T15:09:24.997Z"}
{"level":"INFO","event":"request_completed","requestId":"bac64631-59ae-4f4a-9b49-eb8d3ab916e9","method":"OPTIONS","path":"/api/inspections","statusCode":204,"responseTimeMs":0,"timestamp":"2026-08-28T15:09:25.000Z"}
{"level":"INFO","event":"request_completed","requestId":"076c6ae5-2846-41fe-bf99-cfb4d1b0afc8","method":"GET","path":"/api/inspections","statusCode":304,"responseTimeMs":0,"timestamp":"2026-08-28T15:09:25.001Z"}
{"level":"INFO","event":"request_completed","requestId":"72268531-e3a6-4d8e-ac2d-bb50ec682b2d","method":"OPTIONS","path":"/api/users","statusCode":204,"responseTimeMs":1,"timestamp":"2026-08-28T15:09:25.004Z"}
{"level":"INFO","event":"request_completed","requestId":"17ac68b6-953e-452a-8c07-56a8a51a49de","method":"GET","path":"/api/users","statusCode":304,"responseTimeMs":1,"timestamp":"2026-08-28T15:09:25.006Z"}
{"level":"INFO","event":"request_completed","requestId":"2e93f25a-5dfd-414c-9507-172cf2dc1c1d","method":"OPTIONS","path":"/api/applications","statusCode":204,"responseTimeMs":0,"timestamp":"2026-08-28T15:09:29.564Z"}
{"level":"INFO","event":"request_completed","requestId":"a6b8889c-8fcd-419d-8902-371983260d94","method":"GET","path":"/api/applications","statusCode":304,"responseTimeMs":1,"timestamp":"2026-08-28T15:09:29.566Z"}
{"level":"INFO","event":"request_completed","requestId":"0a2fd717-16c6-4acc-8e6c-b9b7411d87ae","method":"OPTIONS","path":"/api/licenses","statusCode":204,"responseTimeMs":1,"timestamp":"2026-08-28T15:09:29.568Z"}
{"level":"INFO","event":"request_completed","requestId":"d63f2b4b-eff0-40d4-ac5b-d5b3a0297012","method":"GET","path":"/api/licenses","statusCode":304,"responseTimeMs":0,"timestamp":"2026-08-28T15:09:29.569Z"}
{"level":"INFO","event":"request_completed","requestId":"4a34c5de-b2de-4274-9217-e2ba96fe1ee8","method":"OPTIONS","path":"/api/inspections","statusCode":204,"responseTimeMs":1,"timestamp":"2026-08-28T15:09:29.572Z"}
{"level":"INFO","event":"request_completed","requestId":"8fec723d-332f-43be-987c-91f38341e876","method":"GET","path":"/api/inspections","statusCode":304,"responseTimeMs":0,"timestamp":"2026-08-28T15:09:29.573Z"}
{"level":"INFO","event":"request_completed","requestId":"55494215-4eb1-470d-968d-dbba0f8e8654","method":"OPTIONS","path":"/api/users","statusCode":204,"responseTimeMs":0,"timestamp":"2026-08-28T15:09:29.575Z"}
{"level":"INFO","event":"request_completed","requestId":"0f753f0b-0b05-4ff6-b8fa-a638f697992b","method":"GET","path":"/api/users","statusCode":304,"responseTimeMs":1,"timestamp":"2026-08-28T15:09:29.577Z"}
{"level":"INFO","event":"request_completed","requestId":"0ef017c9-0770-44c1-ad1c-7036762ac812","method":"OPTIONS","path":"/api/applications","statusCode":204,"responseTimeMs":0,"timestamp":"2026-08-28T15:09:32.933Z"}
{"level":"INFO","event":"request_completed","requestId":"6b21fc52-7be7-4276-a849-577031dd4ed8","method":"GET","path":"/api/applications","statusCode":304,"responseTimeMs":1,"timestamp":"2026-08-28T15:09:32.936Z"}
{"level":"INFO","event":"request_completed","requestId":"8a5db2e4-7a25-4427-95dc-1c421cc68a1b","method":"OPTIONS","path":"/api/licenses","statusCode":204,"responseTimeMs":1,"timestamp":"2026-08-28T15:09:32.939Z"}
{"level":"INFO","event":"request_completed","requestId":"7bd1a0f4-84f4-4bfb-a9ad-00e4bca043bf","method":"GET","path":"/api/licenses","statusCode":304,"responseTimeMs":0,"timestamp":"2026-08-28T15:09:32.942Z"}
{"level":"INFO","event":"request_completed","requestId":"ee5518e2-d987-4ba3-8793-cd6fcc193c85","method":"OPTIONS","path":"/api/inspections","statusCode":204,"responseTimeMs":1,"timestamp":"2026-08-28T15:09:32.945Z"}
{"level":"INFO","event":"request_completed","requestId":"98fcc7c5-4db9-41c1-b6db-6fd4c65037e7","method":"GET","path":"/api/inspections","statusCode":304,"responseTimeMs":1,"timestamp":"2026-08-28T15:09:32.947Z"}
{"level":"INFO","event":"request_completed","requestId":"428cc73b-5aa7-453a-be59-717edafd2eb3","method":"OPTIONS","path":"/api/users","statusCode":204,"responseTimeMs":1,"timestamp":"2026-08-28T15:09:32.950Z"}
{"level":"INFO","event":"request_completed","requestId":"a1b449cf-e048-47d7-868a-d155a909b297","method":"GET","path":"/api/users","statusCode":304,"responseTimeMs":0,"timestamp":"2026-08-28T15:09:32.951Z"}
{"level":"INFO","event":"request_completed","requestId":"f135ca3b-5ac0-4263-9a54-ed394a50633e","method":"OPTIONS","path":"/api/applications","statusCode":204,"responseTimeMs":0,"timestamp":"2026-08-28T15:09:37.906Z"}
{"level":"INFO","event":"request_completed","requestId":"ebcffb1e-da3b-4980-89be-9a4dc25d8dab","method":"GET","path":"/api/applications","statusCode":304,"responseTimeMs":1,"timestamp":"2026-08-28T15:09:37.908Z"}
{"level":"INFO","event":"request_completed","requestId":"d8a0ff62-9661-4c1e-a1e6-41abb909dc41","method":"OPTIONS","path":"/api/licenses","statusCode":204,"responseTimeMs":0,"timestamp":"2026-08-28T15:09:37.910Z"}
{"level":"INFO","event":"request_completed","requestId":"a1e8845e-892f-4086-8702-721e58de9050","method":"GET","path":"/api/licenses","statusCode":304,"responseTimeMs":1,"timestamp":"2026-08-28T15:09:37.912Z"}
{"level":"INFO","event":"request_completed","requestId":"604d80a8-8f5e-424b-aef8-5ebae1141934","method":"OPTIONS","path":"/api/inspections","statusCode":204,"responseTimeMs":0,"timestamp":"2026-08-28T15:09:37.914Z"}
{"level":"INFO","event":"request_completed","requestId":"2eea67da-cabd-46d7-bc30-0d929fcee790","method":"GET","path":"/api/inspections","statusCode":304,"responseTimeMs":1,"timestamp":"2026-08-28T15:09:37.916Z"}
{"level":"INFO","event":"request_completed","requestId":"d3f02585-38cf-4447-a06b-4f4547aa6b42","method":"OPTIONS","path":"/api/users","statusCode":204,"responseTimeMs":0,"timestamp":"2026-08-28T15:09:37.918Z"}
{"level":"INFO","event":"request_completed","requestId":"4c55c41c-562b-4bee-ac71-75c6edf2f896","method":"GET","path":"/api/users","statusCode":304,"responseTimeMs":1,"timestamp":"2026-08-28T15:09:37.920Z"}
{"level":"INFO","event":"request_completed","requestId":"245f27b8-34fd-447e-a2e8-aa676a9b9164","method":"OPTIONS","path":"/api/applications","statusCode":204,"responseTimeMs":0,"timestamp":"2026-08-28T15:09:46.128Z"}
{"level":"INFO","event":"request_completed","requestId":"0d65fde0-26e0-45f1-a111-c11eea334c8a","method":"GET","path":"/api/applications","statusCode":304,"responseTimeMs":1,"timestamp":"2026-08-28T15:09:46.130Z"}
{"level":"INFO","event":"request_completed","requestId":"940c74d3-af21-441b-a80e-a3eda2473d44","method":"OPTIONS","path":"/api/licenses","statusCode":204,"responseTimeMs":1,"timestamp":"2026-08-28T15:09:46.134Z"}
{"level":"INFO","event":"request_completed","requestId":"32009e19-4425-4c04-acde-fb927d8fa61a","method":"GET","path":"/api/licenses","statusCode":304,"responseTimeMs":1,"timestamp":"2026-08-28T15:09:46.137Z"}
{"level":"INFO","event":"request_completed","requestId":"88404938-f8a5-42c4-a5cd-f8e3d7ba8b51","method":"OPTIONS","path":"/api/inspections","statusCode":204,"responseTimeMs":0,"timestamp":"2026-08-28T15:09:46.139Z"}
{"level":"INFO","event":"request_completed","requestId":"087c637c-486b-414e-a0a2-5e7ade12fb76","method":"GET","path":"/api/inspections","statusCode":304,"responseTimeMs":0,"timestamp":"2026-08-28T15:09:46.140Z"}
{"level":"INFO","event":"request_completed","requestId":"284f1c95-ffb0-48d4-82db-a1cb09bb3d8b","method":"OPTIONS","path":"/api/users","statusCode":204,"responseTimeMs":0,"timestamp":"2026-08-28T15:09:46.144Z"}
{"level":"INFO","event":"request_completed","requestId":"6288c9e8-2ac5-4ef5-bfd7-e32c95aa4603","method":"GET","path":"/api/users","statusCode":304,"responseTimeMs":1,"timestamp":"2026-08-28T15:09:46.146Z"}
{"level":"INFO","event":"request_completed","requestId":"9bf17448-807f-4ae1-8e2d-39e97ce6a00c","method":"OPTIONS","path":"/api/applications","statusCode":204,"responseTimeMs":0,"timestamp":"2026-08-28T15:09:47.480Z"}
{"level":"INFO","event":"request_completed","requestId":"a9cd2bba-42ca-4974-bbd0-a680d0afddd2","method":"GET","path":"/api/applications","statusCode":304,"responseTimeMs":1,"timestamp":"2026-08-28T15:09:47.482Z"}
{"level":"INFO","event":"request_completed","requestId":"eb2c1f10-7fe1-4e24-8790-33076c059e9a","method":"OPTIONS","path":"/api/licenses","statusCode":204,"responseTimeMs":1,"timestamp":"2026-08-28T15:09:47.485Z"}
{"level":"INFO","event":"request_completed","requestId":"09d3f19c-699c-491f-9848-1824f39aeacc","method":"GET","path":"/api/licenses","statusCode":304,"responseTimeMs":0,"timestamp":"2026-08-28T15:09:47.486Z"}
{"level":"INFO","event":"request_completed","requestId":"826c6e8b-a67c-44fc-a716-cc25c082d72c","method":"OPTIONS","path":"/api/inspections","statusCode":204,"responseTimeMs":0,"timestamp":"2026-08-28T15:09:47.488Z"}
{"level":"INFO","event":"request_completed","requestId":"0feed9de-8618-40a0-a59e-c59c18d2486f","method":"GET","path":"/api/inspections","statusCode":304,"responseTimeMs":1,"timestamp":"2026-08-28T15:09:47.490Z"}
{"level":"INFO","event":"request_completed","requestId":"6a3b73b3-dd25-4dae-a55f-1e23e722599e","method":"OPTIONS","path":"/api/users","statusCode":204,"responseTimeMs":1,"timestamp":"2026-08-28T15:09:47.493Z"}
{"level":"INFO","event":"request_completed","requestId":"cf12de1a-2ee3-4b6d-bf3c-0d883d09a5e4","method":"GET","path":"/api/users","statusCode":304,"responseTimeMs":0,"timestamp":"2026-08-28T15:09:47.494Z"}
{"level":"INFO","event":"request_completed","requestId":"363ac2ef-afa6-48cc-84c3-64da16b8e4ab","method":"OPTIONS","path":"/api/applications","statusCode":204,"responseTimeMs":0,"timestamp":"2026-08-28T15:09:49.244Z"}
{"level":"INFO","event":"request_completed","requestId":"39cb232e-33d7-4953-8aa2-69a51ff942ad","method":"GET","path":"/api/applications","statusCode":304,"responseTimeMs":0,"timestamp":"2026-08-28T15:09:49.246Z"}
{"level":"INFO","event":"request_completed","requestId":"1877a72e-d38c-4975-b10a-fdb55de9009d","method":"OPTIONS","path":"/api/licenses","statusCode":204,"responseTimeMs":0,"timestamp":"2026-08-28T15:09:49.250Z"}
{"level":"INFO","event":"request_completed","requestId":"1fc3a054-f587-439f-b2c4-ac17a0a05868","method":"GET","path":"/api/licenses","statusCode":304,"responseTimeMs":1,"timestamp":"2026-08-28T15:09:49.254Z"}
{"level":"INFO","event":"request_completed","requestId":"40e0023a-0143-4361-9744-d21500219fac","method":"OPTIONS","path":"/api/inspections","statusCode":204,"responseTimeMs":0,"timestamp":"2026-08-28T15:09:49.257Z"}
{"level":"INFO","event":"request_completed","requestId":"5237f82e-2981-4d36-994a-19d6e2406c21","method":"GET","path":"/api/inspections","statusCode":304,"responseTimeMs":1,"timestamp":"2026-08-28T15:09:49.259Z"}
{"level":"INFO","event":"request_completed","requestId":"259eb3b9-2b97-4ae7-91ff-367df93879bb","method":"OPTIONS","path":"/api/users","statusCode":204,"responseTimeMs":1,"timestamp":"2026-08-28T15:09:49.262Z"}
{"level":"INFO","event":"request_completed","requestId":"85f1e606-32c1-47d7-9037-145200027385","method":"GET","path":"/api/users","statusCode":304,"responseTimeMs":1,"timestamp":"2026-08-28T15:09:49.264Z"}
{"level":"INFO","event":"request_completed","requestId":"3a81bfdf-11a1-4fa0-81a8-0c98d5c05a17","method":"OPTIONS","path":"/api/applications","statusCode":204,"responseTimeMs":0,"timestamp":"2026-08-28T15:09:50.602Z"}
{"level":"INFO","event":"request_completed","requestId":"70e2bb5f-3559-4d5d-a078-4131673caf13","method":"GET","path":"/api/applications","statusCode":304,"responseTimeMs":1,"timestamp":"2026-08-28T15:09:50.604Z"}
{"level":"INFO","event":"request_completed","requestId":"0a726f0b-083a-4ec7-829d-ce9fa75a551a","method":"OPTIONS","path":"/api/licenses","statusCode":204,"responseTimeMs":0,"timestamp":"2026-08-28T15:09:50.606Z"}
{"level":"INFO","event":"request_completed","requestId":"666c3315-7a09-4b62-86e2-776d3d509f50","method":"GET","path":"/api/licenses","statusCode":304,"responseTimeMs":1,"timestamp":"2026-08-28T15:09:50.608Z"}
{"level":"INFO","event":"request_completed","requestId":"dbbb24c6-9ac1-4bb1-9a7d-dc7282fa3ca9","method":"OPTIONS","path":"/api/inspections","statusCode":204,"responseTimeMs":0,"timestamp":"2026-08-28T15:09:50.610Z"}
{"level":"INFO","event":"request_completed","requestId":"b2f136d7-8a65-4f15-b7fa-44b75180626b","method":"GET","path":"/api/inspections","statusCode":304,"responseTimeMs":1,"timestamp":"2026-08-28T15:09:50.612Z"}
{"level":"INFO","event":"request_completed","requestId":"17359601-9626-460c-91ec-b9d6dd65604e","method":"OPTIONS","path":"/api/users","statusCode":204,"responseTimeMs":0,"timestamp":"2026-08-28T15:09:50.614Z"}
{"level":"INFO","event":"request_completed","requestId":"e52b3e54-dc4c-47ae-9e47-03079eff8ffd","method":"GET","path":"/api/users","statusCode":304,"responseTimeMs":0,"timestamp":"2026-08-28T15:09:50.615Z"}
{"level":"INFO","event":"request_completed","requestId":"ae488296-63a8-443d-864c-63a5646e8642","method":"OPTIONS","path":"/api/applications/6","statusCode":204,"responseTimeMs":0,"timestamp":"2026-08-28T15:09:53.761Z"}
{"level":"INFO","event":"request_completed","requestId":"38685d83-cd60-41c0-b550-332d3ec404cc","method":"OPTIONS","path":"/api/licenses","statusCode":204,"responseTimeMs":0,"timestamp":"2026-08-28T15:09:53.763Z"}
{"level":"INFO","event":"request_completed","requestId":"b3ce0e28-30f2-4f50-b429-79e07dec2349","method":"PATCH","path":"/api/applications/6","statusCode":200,"responseTimeMs":8,"timestamp":"2026-08-28T15:09:53.771Z"}
{"level":"WARN","event":"request_completed","requestId":"4211ec28-0f2d-41b7-92f5-6de2356f1f35","method":"POST","path":"/api/licenses","statusCode":400,"responseTimeMs":4,"timestamp":"2026-08-28T15:09:53.776Z"}
{"level":"INFO","event":"request_completed","requestId":"f7a5a9f4-2f2d-4a2d-8a3d-56640b63cef1","method":"OPTIONS","path":"/api/applications","statusCode":204,"responseTimeMs":1,"timestamp":"2026-08-28T15:09:57.230Z"}
{"level":"INFO","event":"request_completed","requestId":"2408c6a0-d41a-4101-be71-ed23f00e2f25","method":"GET","path":"/api/applications","statusCode":304,"responseTimeMs":1,"timestamp":"2026-08-28T15:09:57.232Z"}
{"level":"INFO","event":"request_completed","requestId":"181ad26a-7c51-414a-8d57-14604fb1ffad","method":"OPTIONS","path":"/api/licenses","statusCode":204,"responseTimeMs":0,"timestamp":"2026-08-28T15:09:57.234Z"}
{"level":"INFO","event":"request_completed","requestId":"45859f35-e94e-4e45-8fb5-1bd0b0e3d614","method":"GET","path":"/api/licenses","statusCode":304,"responseTimeMs":0,"timestamp":"2026-08-28T15:09:57.236Z"}
{"level":"INFO","event":"request_completed","requestId":"69f7087d-3a6f-4622-92f0-049f51e4050a","method":"OPTIONS","path":"/api/inspections","statusCode":204,"responseTimeMs":1,"timestamp":"2026-08-28T15:09:57.241Z"}
{"level":"INFO","event":"request_completed","requestId":"347d5c80-7d8e-4dc0-a69d-ec815be4d5c7","method":"GET","path":"/api/inspections","statusCode":304,"responseTimeMs":0,"timestamp":"2026-08-28T15:09:57.242Z"}
{"level":"INFO","event":"request_completed","requestId":"c4d8ba0d-b98b-4fd1-b0df-158abad63ce7","method":"OPTIONS","path":"/api/users","statusCode":204,"responseTimeMs":0,"timestamp":"2026-08-28T15:09:57.245Z"}
{"level":"INFO","event":"request_completed","requestId":"a31c2e7e-5123-48cf-ac7a-d75ef824af3f","method":"GET","path":"/api/users","statusCode":304,"responseTimeMs":0,"timestamp":"2026-08-28T15:09:57.248Z"}
{"level":"INFO","event":"request_completed","requestId":"85472a60-23de-411b-8a8b-55e0d4aa2590","method":"OPTIONS","path":"/api/applications","statusCode":204,"responseTimeMs":1,"timestamp":"2026-08-28T15:10:02.550Z"}
{"level":"INFO","event":"request_completed","requestId":"2b982f2f-9816-4a79-96f4-6b2d34993287","method":"GET","path":"/api/applications","statusCode":304,"responseTimeMs":0,"timestamp":"2026-08-28T15:10:02.551Z"}
{"level":"INFO","event":"request_completed","requestId":"8894e056-1850-4697-8104-026fdd234d84","method":"OPTIONS","path":"/api/licenses","statusCode":204,"responseTimeMs":0,"timestamp":"2026-08-28T15:10:02.554Z"}
{"level":"INFO","event":"request_completed","requestId":"62964dfc-62d7-423c-bf5f-6e0f5fb3843d","method":"GET","path":"/api/licenses","statusCode":304,"responseTimeMs":1,"timestamp":"2026-08-28T15:10:02.556Z"}
{"level":"INFO","event":"request_completed","requestId":"dc753d78-ab80-4250-b15c-0c6f8c932d42","method":"OPTIONS","path":"/api/inspections","statusCode":204,"responseTimeMs":0,"timestamp":"2026-08-28T15:10:02.558Z"}
{"level":"INFO","event":"request_completed","requestId":"699aa14a-fc56-4a4f-9222-8dfe0d7d1c0d","method":"GET","path":"/api/inspections","statusCode":304,"responseTimeMs":0,"timestamp":"2026-08-28T15:10:02.559Z"}
{"level":"INFO","event":"request_completed","requestId":"fc19ee03-c292-47c4-80e2-581ff94a05c7","method":"OPTIONS","path":"/api/users","statusCode":204,"responseTimeMs":0,"timestamp":"2026-08-28T15:10:02.561Z"}
{"level":"INFO","event":"request_completed","requestId":"6378fd72-9a0b-4dd8-b8bc-d0e962d85255","method":"GET","path":"/api/users","statusCode":304,"responseTimeMs":1,"timestamp":"2026-08-28T15:10:02.563Z"}
{"level":"INFO","event":"request_completed","requestId":"646b954d-9876-47e2-a520-0647e425e3db","method":"OPTIONS","path":"/api/applications","statusCode":204,"responseTimeMs":1,"timestamp":"2026-08-28T15:10:03.644Z"}
{"level":"INFO","event":"request_completed","requestId":"62029174-979f-4062-a038-f795a603227a","method":"GET","path":"/api/applications","statusCode":304,"responseTimeMs":1,"timestamp":"2026-08-28T15:10:03.646Z"}
{"level":"INFO","event":"request_completed","requestId":"7c929816-d772-48db-8fe3-fa2365303ca0","method":"OPTIONS","path":"/api/licenses","statusCode":204,"responseTimeMs":1,"timestamp":"2026-08-28T15:10:03.649Z"}
{"level":"INFO","event":"request_completed","requestId":"4ddb7241-1198-49a2-b7e0-4c3bff34953a","method":"GET","path":"/api/licenses","statusCode":304,"responseTimeMs":1,"timestamp":"2026-08-28T15:10:03.652Z"}
{"level":"INFO","event":"request_completed","requestId":"f5913771-190b-47f9-8ede-67ea5e9b8103","method":"OPTIONS","path":"/api/inspections","statusCode":204,"responseTimeMs":1,"timestamp":"2026-08-28T15:10:03.655Z"}
{"level":"INFO","event":"request_completed","requestId":"082e753e-f71c-4d4e-b0ca-b093be2b632e","method":"GET","path":"/api/inspections","statusCode":304,"responseTimeMs":0,"timestamp":"2026-08-28T15:10:03.657Z"}
{"level":"INFO","event":"request_completed","requestId":"c18184d8-fe33-43de-b003-3fe8f520cef6","method":"OPTIONS","path":"/api/users","statusCode":204,"responseTimeMs":1,"timestamp":"2026-08-28T15:10:03.660Z"}
{"level":"INFO","event":"request_completed","requestId":"68237596-5cfe-4f4c-954d-af06322d9da9","method":"GET","path":"/api/users","statusCode":304,"responseTimeMs":1,"timestamp":"2026-08-28T15:10:03.662Z"}
{"level":"INFO","event":"request_completed","requestId":"a9e477cf-a3b3-412a-8acb-88d89a5cbcf7","method":"OPTIONS","path":"/api/applications","statusCode":204,"responseTimeMs":0,"timestamp":"2026-08-28T15:10:05.607Z"}
{"level":"INFO","event":"request_completed","requestId":"b48585b2-9be8-43ba-91c7-a84c51174b9b","method":"GET","path":"/api/applications","statusCode":304,"responseTimeMs":1,"timestamp":"2026-08-28T15:10:05.609Z"}
{"level":"INFO","event":"request_completed","requestId":"2c3b4e9e-d7cf-413e-bfae-4003aec0145c","method":"OPTIONS","path":"/api/licenses","statusCode":204,"responseTimeMs":1,"timestamp":"2026-08-28T15:10:05.612Z"}
{"level":"INFO","event":"request_completed","requestId":"b75aa426-5753-4574-9350-68f2238c442a","method":"GET","path":"/api/licenses","statusCode":304,"responseTimeMs":0,"timestamp":"2026-08-28T15:10:05.613Z"}
{"level":"INFO","event":"request_completed","requestId":"8e231bda-c863-4d31-95c0-7c775390a24b","method":"OPTIONS","path":"/api/inspections","statusCode":204,"responseTimeMs":1,"timestamp":"2026-08-28T15:10:05.616Z"}
{"level":"INFO","event":"request_completed","requestId":"4b5fae8e-5db6-4adf-8769-4cbdc7ba49c1","method":"GET","path":"/api/inspections","statusCode":304,"responseTimeMs":1,"timestamp":"2026-08-28T15:10:05.617Z"}
{"level":"INFO","event":"request_completed","requestId":"aa80d551-7b97-4de9-aff9-043444bbeb4d","method":"OPTIONS","path":"/api/users","statusCode":204,"responseTimeMs":1,"timestamp":"2026-08-28T15:10:05.619Z"}
{"level":"INFO","event":"request_completed","requestId":"81e783dd-679f-4657-b0d0-316cdab265f4","method":"GET","path":"/api/users","statusCode":304,"responseTimeMs":1,"timestamp":"2026-08-28T15:10:05.620Z"}
{"level":"INFO","event":"request_completed","requestId":"17ed79bb-48c3-4270-a62c-12e4da82d98a","method":"OPTIONS","path":"/api/auth/login","statusCode":204,"responseTimeMs":1,"timestamp":"2026-08-28T15:12:30.769Z"}
{"level":"INFO","event":"request_completed","requestId":"b229a3cd-e76a-4f91-b166-a1a132bec1d4","method":"POST","path":"/api/auth/login","statusCode":201,"responseTimeMs":1,"timestamp":"2026-08-28T15:12:30.771Z"}
{"level":"INFO","event":"request_completed","requestId":"28ca8d35-4597-45ad-a0fc-9b79a43a7820","method":"OPTIONS","path":"/api/applications","statusCode":204,"responseTimeMs":0,"timestamp":"2026-08-28T15:12:30.846Z"}
{"level":"WARN","event":"request_completed","requestId":"61253b8d-dbef-47b6-b6d9-2fd8f57c56b7","method":"GET","path":"/api/applications","statusCode":403,"responseTimeMs":1,"timestamp":"2026-08-28T15:12:30.849Z"}
{"level":"INFO","event":"request_completed","requestId":"1c1b4982-c42a-412b-b3f9-7faee0ecf592","method":"OPTIONS","path":"/api/auth/login","statusCode":204,"responseTimeMs":0,"timestamp":"2026-08-28T15:13:03.848Z"}
{"level":"INFO","event":"request_completed","requestId":"572e855d-617a-403c-88ab-b1556559b4da","method":"POST","path":"/api/auth/login","statusCode":201,"responseTimeMs":2,"timestamp":"2026-08-28T15:13:03.852Z"}
{"level":"INFO","event":"request_completed","requestId":"c4197f27-4e8d-4470-b40a-2a1e53573bc7","method":"OPTIONS","path":"/api/applications","statusCode":204,"responseTimeMs":0,"timestamp":"2026-08-28T15:13:03.927Z"}
{"level":"INFO","event":"request_completed","requestId":"2127278f-1cc5-498e-9a31-3538019c5334","method":"GET","path":"/api/applications","statusCode":200,"responseTimeMs":2,"timestamp":"2026-08-28T15:13:03.930Z"}
{"level":"INFO","event":"request_completed","requestId":"51157c2b-c7ca-4985-9e15-641f2e1cc40d","method":"OPTIONS","path":"/api/licenses","statusCode":204,"responseTimeMs":1,"timestamp":"2026-08-28T15:13:03.934Z"}
{"level":"INFO","event":"request_completed","requestId":"6a1bd979-15ec-4207-bd9a-5e7c5e779877","method":"GET","path":"/api/licenses","statusCode":304,"responseTimeMs":1,"timestamp":"2026-08-28T15:13:03.936Z"}
{"level":"INFO","event":"request_completed","requestId":"01afd698-8ad0-4b75-a30b-89bd09b356d6","method":"OPTIONS","path":"/api/inspections","statusCode":204,"responseTimeMs":0,"timestamp":"2026-08-28T15:13:03.939Z"}
{"level":"WARN","event":"request_completed","requestId":"5e1a0174-7dc6-4143-ba70-a979f388463b","method":"GET","path":"/api/inspections","statusCode":403,"responseTimeMs":1,"timestamp":"2026-08-28T15:13:03.942Z"}
{"level":"INFO","event":"request_completed","requestId":"9a78d10d-dad6-42a7-8f4c-d667da1db2e2","method":"OPTIONS","path":"/api/users","statusCode":204,"responseTimeMs":0,"timestamp":"2026-08-28T15:13:03.945Z"}
{"level":"WARN","event":"request_completed","requestId":"e94883ca-e687-463d-960b-c29f3977e642","method":"GET","path":"/api/users","statusCode":403,"responseTimeMs":1,"timestamp":"2026-08-28T15:13:03.947Z"}
{"level":"INFO","event":"request_completed","requestId":"bc5ff672-89a9-4938-bd5f-bfe673c4d236","method":"OPTIONS","path":"/api/audit-logs","statusCode":204,"responseTimeMs":0,"timestamp":"2026-08-28T15:13:03.981Z"}
{"level":"INFO","event":"request_completed","requestId":"ed4b66b2-2a6a-43a8-94bf-de15715a9542","method":"OPTIONS","path":"/api/applications","statusCode":204,"responseTimeMs":0,"timestamp":"2026-08-28T15:13:03.983Z"}
{"level":"INFO","event":"request_completed","requestId":"a942367e-42c8-4be3-89b9-fb3081b636c4","method":"GET","path":"/api/audit-logs","statusCode":200,"responseTimeMs":1,"timestamp":"2026-08-28T15:13:03.984Z"}
{"level":"INFO","event":"request_completed","requestId":"ab2eef7e-cc5b-452e-943c-8f5442931fd2","method":"GET","path":"/api/applications","statusCode":304,"responseTimeMs":1,"timestamp":"2026-08-28T15:13:03.986Z"}
